<annotation>
	<folder>VOC2010</folder>
	<filename>00450000405260_0.jpg</filename>
	<source>
		<database>DICOM VOC2010 compatible Annotation Database</database>
		<annotation>Department of Computer Science and Communication</annotation>
		<image>University of Insubria</image>
	</source>
	<size>
		<width>640</width>
		<height>480</height>
		<depth>3</depth>
	</size>
	<segmented>1</segmented>
	<object>
		<name>2</name>
		<pose>Unspecified</pose>
		<truncated>0</truncated>
		<difficult>0</difficult>
		<bndbox>
			<xmax>186</xmax>
			<xmin>144</xmin>
			<ymax>301</ymax>
			<ymin>249</ymin>
		</bndbox>
	</object>
	<object>
		<name>4</name>
		<pose>Unspecified</pose>
		<truncated>0</truncated>
		<difficult>0</difficult>
		<bndbox>
			<xmax>236</xmax>
			<xmin>196</xmin>
			<ymax>299</ymax>
			<ymin>249</ymin>
		</bndbox>
	</object>
	<object>
		<name>2</name>
		<pose>Unspecified</pose>
		<truncated>0</truncated>
		<difficult>0</difficult>
		<bndbox>
			<xmax>292</xmax>
			<xmin>244</xmin>
			<ymax>302</ymax>
			<ymin>246</ymin>
		</bndbox>
	</object>
	<object>
		<name>7</name>
		<pose>Unspecified</pose>
		<truncated>0</truncated>
		<difficult>0</difficult>
		<bndbox>
			<xmax>347</xmax>
			<xmin>300</xmin>
			<ymax>306</ymax>
			<ymin>247</ymin>
		</bndbox>
	</object>
	<object>
		<name>1</name>
		<pose>Unspecified</pose>
		<truncated>0</truncated>
		<difficult>0</difficult>
		<bndbox>
			<xmax>402</xmax>
			<xmin>352</xmin>
			<ymax>305</ymax>
			<ymin>247</ymin>
		</bndbox>
	</object>
	<object>
		<name>9</name>
		<pose>Unspecified</pose>
		<truncated>0</truncated>
		<difficult>0</difficult>
		<bndbox>
			<xmax>454</xmax>
			<xmin>405</xmin>
			<ymax>305</ymax>
			<ymin>249</ymin>
		</bndbox>
	</object>
	<object>
		<name>0</name>
		<pose>Unspecified</pose>
		<truncated>0</truncated>
		<difficult>0</difficult>
		<bndbox>
			<xmax>509</xmax>
			<xmin>466</xmin>
			<ymax>302</ymax>
			<ymin>257</ymin>
		</bndbox>
	</object>
	<object>
		<name>5</name>
		<pose>Unspecified</pose>
		<truncated>0</truncated>
		<difficult>0</difficult>
		<bndbox>
			<xmax>571</xmax>
			<xmin>520</xmin>
			<ymax>306</ymax>
			<ymin>258</ymin>
		</bndbox>
	</object>
</annotation>