<annotation>
	<folder>VOC2010</folder>
	<filename>00450000100544_0.jpg</filename>
	<source>
		<database>DICOM VOC2010 compatible Annotation Database</database>
		<annotation>Department of Computer Science and Communication</annotation>
		<image>University of Insubria</image>
	</source>
	<size>
		<width>640</width>
		<height>480</height>
		<depth>3</depth>
	</size>
	<segmented>1</segmented>
	<object>
		<name>0</name>
		<pose>Unspecified</pose>
		<truncated>0</truncated>
		<difficult>0</difficult>
		<bndbox>
			<xmax>176</xmax>
			<xmin>116</xmin>
			<ymax>299</ymax>
			<ymin>246</ymin>
		</bndbox>
	</object>
	<object>
		<name>8</name>
		<pose>Unspecified</pose>
		<truncated>0</truncated>
		<difficult>0</difficult>
		<bndbox>
			<xmax>240</xmax>
			<xmin>185</xmin>
			<ymax>301</ymax>
			<ymin>248</ymin>
		</bndbox>
	</object>
	<object>
		<name>6</name>
		<pose>Unspecified</pose>
		<truncated>0</truncated>
		<difficult>0</difficult>
		<bndbox>
			<xmax>306</xmax>
			<xmin>249</xmin>
			<ymax>301</ymax>
			<ymin>247</ymin>
		</bndbox>
	</object>
	<object>
		<name>1</name>
		<pose>Unspecified</pose>
		<truncated>0</truncated>
		<difficult>0</difficult>
		<bndbox>
			<xmax>369</xmax>
			<xmin>312</xmin>
			<ymax>300</ymax>
			<ymin>243</ymin>
		</bndbox>
	</object>
	<object>
		<name>1</name>
		<pose>Unspecified</pose>
		<truncated>0</truncated>
		<difficult>0</difficult>
		<bndbox>
			<xmax>435</xmax>
			<xmin>384</xmin>
			<ymax>297</ymax>
			<ymin>244</ymin>
		</bndbox>
	</object>
	<object>
		<name>6</name>
		<pose>Unspecified</pose>
		<truncated>0</truncated>
		<difficult>0</difficult>
		<bndbox>
			<xmax>495</xmax>
			<xmin>446</xmin>
			<ymax>297</ymax>
			<ymin>244</ymin>
		</bndbox>
	</object>
	<object>
		<name>2</name>
		<pose>Unspecified</pose>
		<truncated>0</truncated>
		<difficult>0</difficult>
		<bndbox>
			<xmax>562</xmax>
			<xmin>514</xmin>
			<ymax>298</ymax>
			<ymin>245</ymin>
		</bndbox>
	</object>
	<object>
		<name>2</name>
		<pose>Unspecified</pose>
		<truncated>0</truncated>
		<difficult>0</difficult>
		<bndbox>
			<xmax>632</xmax>
			<xmin>580</xmin>
			<ymax>298</ymax>
			<ymin>242</ymin>
		</bndbox>
	</object>
</annotation>