<annotation>
	<folder>VOC2010</folder>
	<filename>00450000101878_0.jpg</filename>
	<source>
		<database>DICOM VOC2010 compatible Annotation Database</database>
		<annotation>Department of Computer Science and Communication</annotation>
		<image>University of Insubria</image>
	</source>
	<size>
		<width>640</width>
		<height>480</height>
		<depth>3</depth>
	</size>
	<segmented>1</segmented>
	<object>
		<name>1</name>
		<pose>Unspecified</pose>
		<truncated>0</truncated>
		<difficult>0</difficult>
		<bndbox>
			<xmax>250</xmax>
			<xmin>214</xmin>
			<ymax>337</ymax>
			<ymin>293</ymin>
		</bndbox>
	</object>
	<object>
		<name>7</name>
		<pose>Unspecified</pose>
		<truncated>0</truncated>
		<difficult>0</difficult>
		<bndbox>
			<xmax>299</xmax>
			<xmin>259</xmin>
			<ymax>337</ymax>
			<ymin>294</ymin>
		</bndbox>
	</object>
	<object>
		<name>1</name>
		<pose>Unspecified</pose>
		<truncated>0</truncated>
		<difficult>0</difficult>
		<bndbox>
			<xmax>353</xmax>
			<xmin>311</xmin>
			<ymax>338</ymax>
			<ymin>294</ymin>
		</bndbox>
	</object>
	<object>
		<name>6</name>
		<pose>Unspecified</pose>
		<truncated>0</truncated>
		<difficult>0</difficult>
		<bndbox>
			<xmax>398</xmax>
			<xmin>357</xmin>
			<ymax>338</ymax>
			<ymin>294</ymin>
		</bndbox>
	</object>
	<object>
		<name>2</name>
		<pose>Unspecified</pose>
		<truncated>0</truncated>
		<difficult>0</difficult>
		<bndbox>
			<xmax>445</xmax>
			<xmin>407</xmin>
			<ymax>337</ymax>
			<ymin>293</ymin>
		</bndbox>
	</object>
	<object>
		<name>2</name>
		<pose>Unspecified</pose>
		<truncated>0</truncated>
		<difficult>0</difficult>
		<bndbox>
			<xmax>492</xmax>
			<xmin>453</xmin>
			<ymax>334</ymax>
			<ymin>290</ymin>
		</bndbox>
	</object>
	<object>
		<name>9</name>
		<pose>Unspecified</pose>
		<truncated>0</truncated>
		<difficult>0</difficult>
		<bndbox>
			<xmax>538</xmax>
			<xmin>503</xmin>
			<ymax>335</ymax>
			<ymin>296</ymin>
		</bndbox>
	</object>
	<object>
		<name>7</name>
		<pose>Unspecified</pose>
		<truncated>0</truncated>
		<difficult>0</difficult>
		<bndbox>
			<xmax>585</xmax>
			<xmin>548</xmin>
			<ymax>334</ymax>
			<ymin>296</ymin>
		</bndbox>
	</object>
</annotation>