<annotation>
	<folder>VOC2010</folder>
	<filename>00450000100512_0.jpg</filename>
	<source>
		<database>DICOM VOC2010 compatible Annotation Database</database>
		<annotation>Department of Computer Science and Communication</annotation>
		<image>University of Insubria</image>
	</source>
	<size>
		<width>640</width>
		<height>480</height>
		<depth>3</depth>
	</size>
	<segmented>1</segmented>
	<object>
		<name>3</name>
		<pose>Unspecified</pose>
		<truncated>0</truncated>
		<difficult>0</difficult>
		<bndbox>
			<xmax>79</xmax>
			<xmin>19</xmin>
			<ymax>313</ymax>
			<ymin>258</ymin>
		</bndbox>
	</object>
	<object>
		<name>9</name>
		<pose>Unspecified</pose>
		<truncated>0</truncated>
		<difficult>0</difficult>
		<bndbox>
			<xmax>141</xmax>
			<xmin>85</xmin>
			<ymax>311</ymax>
			<ymin>258</ymin>
		</bndbox>
	</object>
	<object>
		<name>3</name>
		<pose>Unspecified</pose>
		<truncated>0</truncated>
		<difficult>0</difficult>
		<bndbox>
			<xmax>207</xmax>
			<xmin>153</xmin>
			<ymax>310</ymax>
			<ymin>257</ymin>
		</bndbox>
	</object>
	<object>
		<name>1</name>
		<pose>Unspecified</pose>
		<truncated>0</truncated>
		<difficult>0</difficult>
		<bndbox>
			<xmax>275</xmax>
			<xmin>219</xmin>
			<ymax>311</ymax>
			<ymin>255</ymin>
		</bndbox>
	</object>
	<object>
		<name>0</name>
		<pose>Unspecified</pose>
		<truncated>0</truncated>
		<difficult>0</difficult>
		<bndbox>
			<xmax>335</xmax>
			<xmin>278</xmin>
			<ymax>307</ymax>
			<ymin>254</ymin>
		</bndbox>
	</object>
	<object>
		<name>4</name>
		<pose>Unspecified</pose>
		<truncated>0</truncated>
		<difficult>0</difficult>
		<bndbox>
			<xmax>392</xmax>
			<xmin>341</xmin>
			<ymax>304</ymax>
			<ymin>252</ymin>
		</bndbox>
	</object>
	<object>
		<name>9</name>
		<pose>Unspecified</pose>
		<truncated>0</truncated>
		<difficult>0</difficult>
		<bndbox>
			<xmax>459</xmax>
			<xmin>406</xmin>
			<ymax>304</ymax>
			<ymin>250</ymin>
		</bndbox>
	</object>
	<object>
		<name>4</name>
		<pose>Unspecified</pose>
		<truncated>0</truncated>
		<difficult>0</difficult>
		<bndbox>
			<xmax>521</xmax>
			<xmin>469</xmin>
			<ymax>304</ymax>
			<ymin>252</ymin>
		</bndbox>
	</object>
</annotation>