<annotation>
	<folder>VOC2010</folder>
	<filename>00450000100753_0.jpg</filename>
	<source>
		<database>DICOM VOC2010 compatible Annotation Database</database>
		<annotation>Department of Computer Science and Communication</annotation>
		<image>University of Insubria</image>
	</source>
	<size>
		<width>640</width>
		<height>480</height>
		<depth>3</depth>
	</size>
	<segmented>1</segmented>
	<object>
		<name>6</name>
		<pose>Unspecified</pose>
		<truncated>0</truncated>
		<difficult>0</difficult>
		<bndbox>
			<xmax>162</xmax>
			<xmin>96</xmin>
			<ymax>268</ymax>
			<ymin>198</ymin>
		</bndbox>
	</object>
	<object>
		<name>7</name>
		<pose>Unspecified</pose>
		<truncated>0</truncated>
		<difficult>0</difficult>
		<bndbox>
			<xmax>247</xmax>
			<xmin>175</xmin>
			<ymax>265</ymax>
			<ymin>194</ymin>
		</bndbox>
	</object>
	<object>
		<name>9</name>
		<pose>Unspecified</pose>
		<truncated>0</truncated>
		<difficult>0</difficult>
		<bndbox>
			<xmax>326</xmax>
			<xmin>259</xmin>
			<ymax>263</ymax>
			<ymin>193</ymin>
		</bndbox>
	</object>
	<object>
		<name>7</name>
		<pose>Unspecified</pose>
		<truncated>0</truncated>
		<difficult>0</difficult>
		<bndbox>
			<xmax>404</xmax>
			<xmin>338</xmin>
			<ymax>261</ymax>
			<ymin>192</ymin>
		</bndbox>
	</object>
	<object>
		<name>2</name>
		<pose>Unspecified</pose>
		<truncated>0</truncated>
		<difficult>0</difficult>
		<bndbox>
			<xmax>485</xmax>
			<xmin>421</xmin>
			<ymax>258</ymax>
			<ymin>191</ymin>
		</bndbox>
	</object>
	<object>
		<name>1</name>
		<pose>Unspecified</pose>
		<truncated>0</truncated>
		<difficult>0</difficult>
		<bndbox>
			<xmax>559</xmax>
			<xmin>500</xmin>
			<ymax>256</ymax>
			<ymin>191</ymin>
		</bndbox>
	</object>
	<object>
		<name>6</name>
		<pose>Unspecified</pose>
		<truncated>0</truncated>
		<difficult>0</difficult>
		<bndbox>
			<xmax>636</xmax>
			<xmin>576</xmin>
			<ymax>257</ymax>
			<ymin>189</ymin>
		</bndbox>
	</object>
</annotation>