<annotation>
	<folder>VOC2010</folder>
	<filename>00450000102049_0.jpg</filename>
	<source>
		<database>DICOM VOC2010 compatible Annotation Database</database>
		<annotation>Department of Computer Science and Communication</annotation>
		<image>University of Insubria</image>
	</source>
	<size>
		<width>640</width>
		<height>480</height>
		<depth>3</depth>
	</size>
	<segmented>1</segmented>
	<object>
		<name>0</name>
		<pose>Unspecified</pose>
		<truncated>0</truncated>
		<difficult>0</difficult>
		<bndbox>
			<xmax>197</xmax>
			<xmin>155</xmin>
			<ymax>250</ymax>
			<ymin>197</ymin>
		</bndbox>
	</object>
	<object>
		<name>6</name>
		<pose>Unspecified</pose>
		<truncated>0</truncated>
		<difficult>0</difficult>
		<bndbox>
			<xmax>250</xmax>
			<xmin>206</xmin>
			<ymax>249</ymax>
			<ymin>196</ymin>
		</bndbox>
	</object>
	<object>
		<name>6</name>
		<pose>Unspecified</pose>
		<truncated>0</truncated>
		<difficult>0</difficult>
		<bndbox>
			<xmax>307</xmax>
			<xmin>260</xmin>
			<ymax>255</ymax>
			<ymin>197</ymin>
		</bndbox>
	</object>
	<object>
		<name>0</name>
		<pose>Unspecified</pose>
		<truncated>0</truncated>
		<difficult>0</difficult>
		<bndbox>
			<xmax>355</xmax>
			<xmin>316</xmin>
			<ymax>252</ymax>
			<ymin>199</ymin>
		</bndbox>
	</object>
	<object>
		<name>2</name>
		<pose>Unspecified</pose>
		<truncated>0</truncated>
		<difficult>0</difficult>
		<bndbox>
			<xmax>411</xmax>
			<xmin>366</xmin>
			<ymax>251</ymax>
			<ymin>207</ymin>
		</bndbox>
	</object>
	<object>
		<name>2</name>
		<pose>Unspecified</pose>
		<truncated>0</truncated>
		<difficult>0</difficult>
		<bndbox>
			<xmax>465</xmax>
			<xmin>421</xmin>
			<ymax>251</ymax>
			<ymin>205</ymin>
		</bndbox>
	</object>
	<object>
		<name>2</name>
		<pose>Unspecified</pose>
		<truncated>0</truncated>
		<difficult>0</difficult>
		<bndbox>
			<xmax>516</xmax>
			<xmin>476</xmin>
			<ymax>252</ymax>
			<ymin>202</ymin>
		</bndbox>
	</object>
	<object>
		<name>8</name>
		<pose>Unspecified</pose>
		<truncated>0</truncated>
		<difficult>0</difficult>
		<bndbox>
			<xmax>568</xmax>
			<xmin>528</xmin>
			<ymax>250</ymax>
			<ymin>199</ymin>
		</bndbox>
	</object>
</annotation>