<annotation>
	<folder>VOC2010</folder>
	<filename>00450000100543_0.jpg</filename>
	<source>
		<database>DICOM VOC2010 compatible Annotation Database</database>
		<annotation>Department of Computer Science and Communication</annotation>
		<image>University of Insubria</image>
	</source>
	<size>
		<width>640</width>
		<height>480</height>
		<depth>3</depth>
	</size>
	<segmented>1</segmented>
	<object>
		<name>5</name>
		<pose>Unspecified</pose>
		<truncated>0</truncated>
		<difficult>0</difficult>
		<bndbox>
			<xmax>81</xmax>
			<xmin>43</xmin>
			<ymax>310</ymax>
			<ymin>248</ymin>
		</bndbox>
	</object>
	<object>
		<name>8</name>
		<pose>Unspecified</pose>
		<truncated>0</truncated>
		<difficult>0</difficult>
		<bndbox>
			<xmax>159</xmax>
			<xmin>122</xmin>
			<ymax>308</ymax>
			<ymin>250</ymin>
		</bndbox>
	</object>
	<object>
		<name>5</name>
		<pose>Unspecified</pose>
		<truncated>0</truncated>
		<difficult>0</difficult>
		<bndbox>
			<xmax>235</xmax>
			<xmin>198</xmin>
			<ymax>313</ymax>
			<ymin>248</ymin>
		</bndbox>
	</object>
	<object>
		<name>9</name>
		<pose>Unspecified</pose>
		<truncated>0</truncated>
		<difficult>0</difficult>
		<bndbox>
			<xmax>316</xmax>
			<xmin>280</xmin>
			<ymax>312</ymax>
			<ymin>245</ymin>
		</bndbox>
	</object>
	<object>
		<name>5</name>
		<pose>Unspecified</pose>
		<truncated>0</truncated>
		<difficult>0</difficult>
		<bndbox>
			<xmax>399</xmax>
			<xmin>362</xmin>
			<ymax>308</ymax>
			<ymin>246</ymin>
		</bndbox>
	</object>
	<object>
		<name>8</name>
		<pose>Unspecified</pose>
		<truncated>0</truncated>
		<difficult>0</difficult>
		<bndbox>
			<xmax>482</xmax>
			<xmin>444</xmin>
			<ymax>309</ymax>
			<ymin>246</ymin>
		</bndbox>
	</object>
	<object>
		<name>5</name>
		<pose>Unspecified</pose>
		<truncated>0</truncated>
		<difficult>0</difficult>
		<bndbox>
			<xmax>567</xmax>
			<xmin>526</xmin>
			<ymax>312</ymax>
			<ymin>243</ymin>
		</bndbox>
	</object>
	<object>
		<name>2</name>
		<pose>Unspecified</pose>
		<truncated>0</truncated>
		<difficult>0</difficult>
		<bndbox>
			<xmax>639</xmax>
			<xmin>611</xmin>
			<ymax>313</ymax>
			<ymin>247</ymin>
		</bndbox>
	</object>
</annotation>