<annotation>
	<folder>VOC2010</folder>
	<filename>00450000101158_0.jpg</filename>
	<source>
		<database>DICOM VOC2010 compatible Annotation Database</database>
		<annotation>Department of Computer Science and Communication</annotation>
		<image>University of Insubria</image>
	</source>
	<size>
		<width>640</width>
		<height>480</height>
		<depth>3</depth>
	</size>
	<segmented>1</segmented>
	<object>
		<name>1</name>
		<pose>Unspecified</pose>
		<truncated>0</truncated>
		<difficult>0</difficult>
		<bndbox>
			<xmax>141</xmax>
			<xmin>104</xmin>
			<ymax>453</ymax>
			<ymin>408</ymin>
		</bndbox>
	</object>
	<object>
		<name>5</name>
		<pose>Unspecified</pose>
		<truncated>0</truncated>
		<difficult>0</difficult>
		<bndbox>
			<xmax>193</xmax>
			<xmin>148</xmin>
			<ymax>449</ymax>
			<ymin>403</ymin>
		</bndbox>
	</object>
	<object>
		<name>1</name>
		<pose>Unspecified</pose>
		<truncated>0</truncated>
		<difficult>0</difficult>
		<bndbox>
			<xmax>239</xmax>
			<xmin>196</xmin>
			<ymax>447</ymax>
			<ymin>400</ymin>
		</bndbox>
	</object>
	<object>
		<name>3</name>
		<pose>Unspecified</pose>
		<truncated>0</truncated>
		<difficult>0</difficult>
		<bndbox>
			<xmax>286</xmax>
			<xmin>245</xmin>
			<ymax>446</ymax>
			<ymin>399</ymin>
		</bndbox>
	</object>
	<object>
		<name>6</name>
		<pose>Unspecified</pose>
		<truncated>0</truncated>
		<difficult>0</difficult>
		<bndbox>
			<xmax>337</xmax>
			<xmin>295</xmin>
			<ymax>444</ymax>
			<ymin>396</ymin>
		</bndbox>
	</object>
	<object>
		<name>8</name>
		<pose>Unspecified</pose>
		<truncated>0</truncated>
		<difficult>0</difficult>
		<bndbox>
			<xmax>379</xmax>
			<xmin>342</xmin>
			<ymax>444</ymax>
			<ymin>393</ymin>
		</bndbox>
	</object>
	<object>
		<name>6</name>
		<pose>Unspecified</pose>
		<truncated>0</truncated>
		<difficult>0</difficult>
		<bndbox>
			<xmax>431</xmax>
			<xmin>391</xmin>
			<ymax>438</ymax>
			<ymin>392</ymin>
		</bndbox>
	</object>
	<object>
		<name>0</name>
		<pose>Unspecified</pose>
		<truncated>0</truncated>
		<difficult>0</difficult>
		<bndbox>
			<xmax>473</xmax>
			<xmin>438</xmin>
			<ymax>434</ymax>
			<ymin>396</ymin>
		</bndbox>
	</object>
</annotation>