<annotation>
	<folder>VOC2010</folder>
	<filename>00450000405080_0.jpg</filename>
	<source>
		<database>DICOM VOC2010 compatible Annotation Database</database>
		<annotation>Department of Computer Science and Communication</annotation>
		<image>University of Insubria</image>
	</source>
	<size>
		<width>640</width>
		<height>480</height>
		<depth>3</depth>
	</size>
	<segmented>1</segmented>
	<object>
		<name>4</name>
		<pose>Unspecified</pose>
		<truncated>0</truncated>
		<difficult>0</difficult>
		<bndbox>
			<xmax>167</xmax>
			<xmin>113</xmin>
			<ymax>360</ymax>
			<ymin>300</ymin>
		</bndbox>
	</object>
	<object>
		<name>4</name>
		<pose>Unspecified</pose>
		<truncated>0</truncated>
		<difficult>0</difficult>
		<bndbox>
			<xmax>237</xmax>
			<xmin>180</xmin>
			<ymax>357</ymax>
			<ymin>297</ymin>
		</bndbox>
	</object>
	<object>
		<name>9</name>
		<pose>Unspecified</pose>
		<truncated>0</truncated>
		<difficult>0</difficult>
		<bndbox>
			<xmax>303</xmax>
			<xmin>249</xmin>
			<ymax>354</ymax>
			<ymin>297</ymin>
		</bndbox>
	</object>
	<object>
		<name>5</name>
		<pose>Unspecified</pose>
		<truncated>0</truncated>
		<difficult>0</difficult>
		<bndbox>
			<xmax>371</xmax>
			<xmin>311</xmin>
			<ymax>354</ymax>
			<ymin>294</ymin>
		</bndbox>
	</object>
	<object>
		<name>8</name>
		<pose>Unspecified</pose>
		<truncated>0</truncated>
		<difficult>0</difficult>
		<bndbox>
			<xmax>441</xmax>
			<xmin>382</xmin>
			<ymax>354</ymax>
			<ymin>295</ymin>
		</bndbox>
	</object>
	<object>
		<name>1</name>
		<pose>Unspecified</pose>
		<truncated>0</truncated>
		<difficult>0</difficult>
		<bndbox>
			<xmax>496</xmax>
			<xmin>443</xmin>
			<ymax>359</ymax>
			<ymin>291</ymin>
		</bndbox>
	</object>
	<object>
		<name>0</name>
		<pose>Unspecified</pose>
		<truncated>0</truncated>
		<difficult>0</difficult>
		<bndbox>
			<xmax>562</xmax>
			<xmin>511</xmin>
			<ymax>356</ymax>
			<ymin>293</ymin>
		</bndbox>
	</object>
	<object>
		<name>6</name>
		<pose>Unspecified</pose>
		<truncated>0</truncated>
		<difficult>0</difficult>
		<bndbox>
			<xmax>624</xmax>
			<xmin>576</xmin>
			<ymax>357</ymax>
			<ymin>298</ymin>
		</bndbox>
	</object>
</annotation>