<annotation>
	<folder>VOC2010</folder>
	<filename>00880000125782_0.jpg</filename>
	<source>
		<database>DICOM VOC2010 compatible Annotation Database</database>
		<annotation>Department of Computer Science and Communication</annotation>
		<image>University of Insubria</image>
	</source>
	<size>
		<width>640</width>
		<height>480</height>
		<depth>3</depth>
	</size>
	<segmented>1</segmented>
	<object>
		<name>0</name>
		<pose>Unspecified</pose>
		<truncated>0</truncated>
		<difficult>0</difficult>
		<bndbox>
			<xmax>84</xmax>
			<xmin>23</xmin>
			<ymax>137</ymax>
			<ymin>70</ymin>
		</bndbox>
	</object>
	<object>
		<name>7</name>
		<pose>Unspecified</pose>
		<truncated>0</truncated>
		<difficult>0</difficult>
		<bndbox>
			<xmax>144</xmax>
			<xmin>85</xmin>
			<ymax>140</ymax>
			<ymin>71</ymin>
		</bndbox>
	</object>
	<object>
		<name>7</name>
		<pose>Unspecified</pose>
		<truncated>0</truncated>
		<difficult>0</difficult>
		<bndbox>
			<xmax>207</xmax>
			<xmin>151</xmin>
			<ymax>144</ymax>
			<ymin>74</ymin>
		</bndbox>
	</object>
	<object>
		<name>9</name>
		<pose>Unspecified</pose>
		<truncated>0</truncated>
		<difficult>0</difficult>
		<bndbox>
			<xmax>267</xmax>
			<xmin>215</xmin>
			<ymax>147</ymax>
			<ymin>78</ymin>
		</bndbox>
	</object>
	<object>
		<name>7</name>
		<pose>Unspecified</pose>
		<truncated>0</truncated>
		<difficult>0</difficult>
		<bndbox>
			<xmax>332</xmax>
			<xmin>275</xmin>
			<ymax>146</ymax>
			<ymin>80</ymin>
		</bndbox>
	</object>
	<object>
		<name>1</name>
		<pose>Unspecified</pose>
		<truncated>0</truncated>
		<difficult>0</difficult>
		<bndbox>
			<xmax>382</xmax>
			<xmin>350</xmin>
			<ymax>146</ymax>
			<ymin>92</ymin>
		</bndbox>
	</object>
	<object>
		<name>2</name>
		<pose>Unspecified</pose>
		<truncated>0</truncated>
		<difficult>0</difficult>
		<bndbox>
			<xmax>442</xmax>
			<xmin>410</xmin>
			<ymax>147</ymax>
			<ymin>95</ymin>
		</bndbox>
	</object>
	<object>
		<name>7</name>
		<pose>Unspecified</pose>
		<truncated>0</truncated>
		<difficult>0</difficult>
		<bndbox>
			<xmax>516</xmax>
			<xmin>475</xmin>
			<ymax>152</ymax>
			<ymin>100</ymin>
		</bndbox>
	</object>
</annotation>