<annotation>
	<folder>VOC2010</folder>
	<filename>00883201371345_0.jpg</filename>
	<source>
		<database>DICOM VOC2010 compatible Annotation Database</database>
		<annotation>Department of Computer Science and Communication</annotation>
		<image>University of Insubria</image>
	</source>
	<size>
		<width>640</width>
		<height>480</height>
		<depth>3</depth>
	</size>
	<segmented>1</segmented>
	<object>
		<name>0</name>
		<pose>Unspecified</pose>
		<truncated>0</truncated>
		<difficult>0</difficult>
		<bndbox>
			<xmax>105</xmax>
			<xmin>76</xmin>
			<ymax>238</ymax>
			<ymin>208</ymin>
		</bndbox>
	</object>
	<object>
		<name>6</name>
		<pose>Unspecified</pose>
		<truncated>0</truncated>
		<difficult>0</difficult>
		<bndbox>
			<xmax>140</xmax>
			<xmin>114</xmin>
			<ymax>241</ymax>
			<ymin>209</ymin>
		</bndbox>
	</object>
	<object>
		<name>3</name>
		<pose>Unspecified</pose>
		<truncated>0</truncated>
		<difficult>0</difficult>
		<bndbox>
			<xmax>176</xmax>
			<xmin>148</xmin>
			<ymax>240</ymax>
			<ymin>206</ymin>
		</bndbox>
	</object>
	<object>
		<name>1</name>
		<pose>Unspecified</pose>
		<truncated>0</truncated>
		<difficult>0</difficult>
		<bndbox>
			<xmax>207</xmax>
			<xmin>184</xmin>
			<ymax>241</ymax>
			<ymin>207</ymin>
		</bndbox>
	</object>
	<object>
		<name>7</name>
		<pose>Unspecified</pose>
		<truncated>0</truncated>
		<difficult>0</difficult>
		<bndbox>
			<xmax>244</xmax>
			<xmin>215</xmin>
			<ymax>242</ymax>
			<ymin>204</ymin>
		</bndbox>
	</object>
	<object>
		<name>6</name>
		<pose>Unspecified</pose>
		<truncated>0</truncated>
		<difficult>0</difficult>
		<bndbox>
			<xmax>273</xmax>
			<xmin>246</xmin>
			<ymax>242</ymax>
			<ymin>210</ymin>
		</bndbox>
	</object>
	<object>
		<name>6</name>
		<pose>Unspecified</pose>
		<truncated>0</truncated>
		<difficult>0</difficult>
		<bndbox>
			<xmax>310</xmax>
			<xmin>280</xmin>
			<ymax>244</ymax>
			<ymin>209</ymin>
		</bndbox>
	</object>
	<object>
		<name>1</name>
		<pose>Unspecified</pose>
		<truncated>0</truncated>
		<difficult>0</difficult>
		<bndbox>
			<xmax>346</xmax>
			<xmin>313</xmin>
			<ymax>244</ymax>
			<ymin>209</ymin>
		</bndbox>
	</object>
</annotation>