<annotation>
	<folder>VOC2010</folder>
	<filename>00883201374729_0.jpg</filename>
	<source>
		<database>DICOM VOC2010 compatible Annotation Database</database>
		<annotation>Department of Computer Science and Communication</annotation>
		<image>University of Insubria</image>
	</source>
	<size>
		<width>640</width>
		<height>480</height>
		<depth>3</depth>
	</size>
	<segmented>1</segmented>
	<object>
		<name>2</name>
		<pose>Unspecified</pose>
		<truncated>0</truncated>
		<difficult>0</difficult>
		<bndbox>
			<xmax>133</xmax>
			<xmin>97</xmin>
			<ymax>241</ymax>
			<ymin>194</ymin>
		</bndbox>
	</object>
	<object>
		<name>9</name>
		<pose>Unspecified</pose>
		<truncated>0</truncated>
		<difficult>0</difficult>
		<bndbox>
			<xmax>184</xmax>
			<xmin>147</xmin>
			<ymax>241</ymax>
			<ymin>195</ymin>
		</bndbox>
	</object>
	<object>
		<name>8</name>
		<pose>Unspecified</pose>
		<truncated>0</truncated>
		<difficult>0</difficult>
		<bndbox>
			<xmax>231</xmax>
			<xmin>197</xmin>
			<ymax>242</ymax>
			<ymin>196</ymin>
		</bndbox>
	</object>
	<object>
		<name>8</name>
		<pose>Unspecified</pose>
		<truncated>0</truncated>
		<difficult>0</difficult>
		<bndbox>
			<xmax>278</xmax>
			<xmin>249</xmin>
			<ymax>243</ymax>
			<ymin>196</ymin>
		</bndbox>
	</object>
	<object>
		<name>4</name>
		<pose>Unspecified</pose>
		<truncated>0</truncated>
		<difficult>0</difficult>
		<bndbox>
			<xmax>328</xmax>
			<xmin>297</xmin>
			<ymax>243</ymax>
			<ymin>198</ymin>
		</bndbox>
	</object>
	<object>
		<name>1</name>
		<pose>Unspecified</pose>
		<truncated>0</truncated>
		<difficult>0</difficult>
		<bndbox>
			<xmax>376</xmax>
			<xmin>343</xmin>
			<ymax>241</ymax>
			<ymin>198</ymin>
		</bndbox>
	</object>
	<object>
		<name>1</name>
		<pose>Unspecified</pose>
		<truncated>0</truncated>
		<difficult>0</difficult>
		<bndbox>
			<xmax>422</xmax>
			<xmin>390</xmin>
			<ymax>244</ymax>
			<ymin>201</ymin>
		</bndbox>
	</object>
	<object>
		<name>3</name>
		<pose>Unspecified</pose>
		<truncated>0</truncated>
		<difficult>0</difficult>
		<bndbox>
			<xmax>472</xmax>
			<xmin>438</xmin>
			<ymax>247</ymax>
			<ymin>201</ymin>
		</bndbox>
	</object>
</annotation>