<annotation>
	<folder>VOC2010</folder>
	<filename>00882401263450_0.jpg</filename>
	<source>
		<database>DICOM VOC2010 compatible Annotation Database</database>
		<annotation>Department of Computer Science and Communication</annotation>
		<image>University of Insubria</image>
	</source>
	<size>
		<width>640</width>
		<height>480</height>
		<depth>3</depth>
	</size>
	<segmented>1</segmented>
	<object>
		<name>0</name>
		<pose>Unspecified</pose>
		<truncated>0</truncated>
		<difficult>0</difficult>
		<bndbox>
			<xmax>107</xmax>
			<xmin>67</xmin>
			<ymax>275</ymax>
			<ymin>233</ymin>
		</bndbox>
	</object>
	<object>
		<name>0</name>
		<pose>Unspecified</pose>
		<truncated>0</truncated>
		<difficult>0</difficult>
		<bndbox>
			<xmax>153</xmax>
			<xmin>113</xmin>
			<ymax>282</ymax>
			<ymin>233</ymin>
		</bndbox>
	</object>
	<object>
		<name>5</name>
		<pose>Unspecified</pose>
		<truncated>0</truncated>
		<difficult>0</difficult>
		<bndbox>
			<xmax>199</xmax>
			<xmin>156</xmin>
			<ymax>277</ymax>
			<ymin>231</ymin>
		</bndbox>
	</object>
	<object>
		<name>0</name>
		<pose>Unspecified</pose>
		<truncated>0</truncated>
		<difficult>0</difficult>
		<bndbox>
			<xmax>251</xmax>
			<xmin>207</xmin>
			<ymax>281</ymax>
			<ymin>234</ymin>
		</bndbox>
	</object>
	<object>
		<name>6</name>
		<pose>Unspecified</pose>
		<truncated>0</truncated>
		<difficult>0</difficult>
		<bndbox>
			<xmax>295</xmax>
			<xmin>252</xmin>
			<ymax>278</ymax>
			<ymin>235</ymin>
		</bndbox>
	</object>
	<object>
		<name>9</name>
		<pose>Unspecified</pose>
		<truncated>0</truncated>
		<difficult>0</difficult>
		<bndbox>
			<xmax>336</xmax>
			<xmin>299</xmin>
			<ymax>277</ymax>
			<ymin>233</ymin>
		</bndbox>
	</object>
	<object>
		<name>3</name>
		<pose>Unspecified</pose>
		<truncated>0</truncated>
		<difficult>0</difficult>
		<bndbox>
			<xmax>381</xmax>
			<xmin>341</xmin>
			<ymax>278</ymax>
			<ymin>238</ymin>
		</bndbox>
	</object>
	<object>
		<name>3</name>
		<pose>Unspecified</pose>
		<truncated>0</truncated>
		<difficult>0</difficult>
		<bndbox>
			<xmax>423</xmax>
			<xmin>388</xmin>
			<ymax>282</ymax>
			<ymin>237</ymin>
		</bndbox>
	</object>
</annotation>