<annotation>
	<folder>VOC2010</folder>
	<filename>00883201360512_0.jpg</filename>
	<source>
		<database>DICOM VOC2010 compatible Annotation Database</database>
		<annotation>Department of Computer Science and Communication</annotation>
		<image>University of Insubria</image>
	</source>
	<size>
		<width>640</width>
		<height>480</height>
		<depth>3</depth>
	</size>
	<segmented>1</segmented>
	<object>
		<name>0</name>
		<pose>Unspecified</pose>
		<truncated>0</truncated>
		<difficult>0</difficult>
		<bndbox>
			<xmax>128</xmax>
			<xmin>102</xmin>
			<ymax>297</ymax>
			<ymin>269</ymin>
		</bndbox>
	</object>
	<object>
		<name>8</name>
		<pose>Unspecified</pose>
		<truncated>0</truncated>
		<difficult>0</difficult>
		<bndbox>
			<xmax>172</xmax>
			<xmin>143</xmin>
			<ymax>298</ymax>
			<ymin>267</ymin>
		</bndbox>
	</object>
	<object>
		<name>9</name>
		<pose>Unspecified</pose>
		<truncated>0</truncated>
		<difficult>0</difficult>
		<bndbox>
			<xmax>213</xmax>
			<xmin>183</xmin>
			<ymax>301</ymax>
			<ymin>269</ymin>
		</bndbox>
	</object>
	<object>
		<name>7</name>
		<pose>Unspecified</pose>
		<truncated>0</truncated>
		<difficult>0</difficult>
		<bndbox>
			<xmax>254</xmax>
			<xmin>224</xmin>
			<ymax>304</ymax>
			<ymin>272</ymin>
		</bndbox>
	</object>
	<object>
		<name>6</name>
		<pose>Unspecified</pose>
		<truncated>0</truncated>
		<difficult>0</difficult>
		<bndbox>
			<xmax>301</xmax>
			<xmin>267</xmin>
			<ymax>307</ymax>
			<ymin>275</ymin>
		</bndbox>
	</object>
	<object>
		<name>5</name>
		<pose>Unspecified</pose>
		<truncated>0</truncated>
		<difficult>0</difficult>
		<bndbox>
			<xmax>341</xmax>
			<xmin>305</xmin>
			<ymax>310</ymax>
			<ymin>274</ymin>
		</bndbox>
	</object>
	<object>
		<name>4</name>
		<pose>Unspecified</pose>
		<truncated>0</truncated>
		<difficult>0</difficult>
		<bndbox>
			<xmax>437</xmax>
			<xmin>398</xmin>
			<ymax>312</ymax>
			<ymin>286</ymin>
		</bndbox>
	</object>
</annotation>