<annotation>
	<folder>VOC2010</folder>
	<filename>00882401146713_0.jpg</filename>
	<source>
		<database>DICOM VOC2010 compatible Annotation Database</database>
		<annotation>Department of Computer Science and Communication</annotation>
		<image>University of Insubria</image>
	</source>
	<size>
		<width>640</width>
		<height>480</height>
		<depth>3</depth>
	</size>
	<segmented>1</segmented>
	<object>
		<name>0</name>
		<pose>Unspecified</pose>
		<truncated>0</truncated>
		<difficult>0</difficult>
		<bndbox>
			<xmax>122</xmax>
			<xmin>79</xmin>
			<ymax>290</ymax>
			<ymin>243</ymin>
		</bndbox>
	</object>
	<object>
		<name>9</name>
		<pose>Unspecified</pose>
		<truncated>0</truncated>
		<difficult>0</difficult>
		<bndbox>
			<xmax>163</xmax>
			<xmin>127</xmin>
			<ymax>286</ymax>
			<ymin>247</ymin>
		</bndbox>
	</object>
	<object>
		<name>0</name>
		<pose>Unspecified</pose>
		<truncated>0</truncated>
		<difficult>0</difficult>
		<bndbox>
			<xmax>213</xmax>
			<xmin>170</xmin>
			<ymax>288</ymax>
			<ymin>243</ymin>
		</bndbox>
	</object>
	<object>
		<name>9</name>
		<pose>Unspecified</pose>
		<truncated>0</truncated>
		<difficult>0</difficult>
		<bndbox>
			<xmax>257</xmax>
			<xmin>215</xmin>
			<ymax>293</ymax>
			<ymin>245</ymin>
		</bndbox>
	</object>
	<object>
		<name>6</name>
		<pose>Unspecified</pose>
		<truncated>0</truncated>
		<difficult>0</difficult>
		<bndbox>
			<xmax>303</xmax>
			<xmin>266</xmin>
			<ymax>291</ymax>
			<ymin>245</ymin>
		</bndbox>
	</object>
	<object>
		<name>1</name>
		<pose>Unspecified</pose>
		<truncated>0</truncated>
		<difficult>0</difficult>
		<bndbox>
			<xmax>351</xmax>
			<xmin>310</xmin>
			<ymax>297</ymax>
			<ymin>245</ymin>
		</bndbox>
	</object>
	<object>
		<name>9</name>
		<pose>Unspecified</pose>
		<truncated>0</truncated>
		<difficult>0</difficult>
		<bndbox>
			<xmax>397</xmax>
			<xmin>355</xmin>
			<ymax>292</ymax>
			<ymin>248</ymin>
		</bndbox>
	</object>
	<object>
		<name>3</name>
		<pose>Unspecified</pose>
		<truncated>0</truncated>
		<difficult>0</difficult>
		<bndbox>
			<xmax>444</xmax>
			<xmin>392</xmin>
			<ymax>297</ymax>
			<ymin>253</ymin>
		</bndbox>
	</object>
</annotation>