<annotation>
	<folder>VOC2010</folder>
	<filename>00883201371261_0.jpg</filename>
	<source>
		<database>DICOM VOC2010 compatible Annotation Database</database>
		<annotation>Department of Computer Science and Communication</annotation>
		<image>University of Insubria</image>
	</source>
	<size>
		<width>640</width>
		<height>480</height>
		<depth>3</depth>
	</size>
	<segmented>1</segmented>
	<object>
		<name>1</name>
		<pose>Unspecified</pose>
		<truncated>0</truncated>
		<difficult>0</difficult>
		<bndbox>
			<xmax>194</xmax>
			<xmin>174</xmin>
			<ymax>120</ymax>
			<ymin>105</ymin>
		</bndbox>
	</object>
	<object>
		<name>4</name>
		<pose>Unspecified</pose>
		<truncated>0</truncated>
		<difficult>0</difficult>
		<bndbox>
			<xmax>209</xmax>
			<xmin>195</xmin>
			<ymax>123</ymax>
			<ymin>105</ymin>
		</bndbox>
	</object>
	<object>
		<name>0</name>
		<pose>Unspecified</pose>
		<truncated>0</truncated>
		<difficult>0</difficult>
		<bndbox>
			<xmax>223</xmax>
			<xmin>209</xmin>
			<ymax>124</ymax>
			<ymin>106</ymin>
		</bndbox>
	</object>
	<object>
		<name>8</name>
		<pose>Unspecified</pose>
		<truncated>0</truncated>
		<difficult>0</difficult>
		<bndbox>
			<xmax>240</xmax>
			<xmin>224</xmin>
			<ymax>124</ymax>
			<ymin>108</ymin>
		</bndbox>
	</object>
	<object>
		<name>8</name>
		<pose>Unspecified</pose>
		<truncated>0</truncated>
		<difficult>0</difficult>
		<bndbox>
			<xmax>254</xmax>
			<xmin>239</xmin>
			<ymax>126</ymax>
			<ymin>109</ymin>
		</bndbox>
	</object>
	<object>
		<name>9</name>
		<pose>Unspecified</pose>
		<truncated>0</truncated>
		<difficult>0</difficult>
		<bndbox>
			<xmax>270</xmax>
			<xmin>253</xmin>
			<ymax>126</ymax>
			<ymin>108</ymin>
		</bndbox>
	</object>
</annotation>