<annotation>
	<folder>VOC2010</folder>
	<filename>00882400471898_0.jpg</filename>
	<source>
		<database>DICOM VOC2010 compatible Annotation Database</database>
		<annotation>Department of Computer Science and Communication</annotation>
		<image>University of Insubria</image>
	</source>
	<size>
		<width>640</width>
		<height>480</height>
		<depth>3</depth>
	</size>
	<segmented>1</segmented>
	<object>
		<name>0</name>
		<pose>Unspecified</pose>
		<truncated>0</truncated>
		<difficult>0</difficult>
		<bndbox>
			<xmax>106</xmax>
			<xmin>60</xmin>
			<ymax>248</ymax>
			<ymin>196</ymin>
		</bndbox>
	</object>
	<object>
		<name>2</name>
		<pose>Unspecified</pose>
		<truncated>0</truncated>
		<difficult>0</difficult>
		<bndbox>
			<xmax>157</xmax>
			<xmin>117</xmin>
			<ymax>250</ymax>
			<ymin>191</ymin>
		</bndbox>
	</object>
	<object>
		<name>9</name>
		<pose>Unspecified</pose>
		<truncated>0</truncated>
		<difficult>0</difficult>
		<bndbox>
			<xmax>215</xmax>
			<xmin>170</xmin>
			<ymax>251</ymax>
			<ymin>191</ymin>
		</bndbox>
	</object>
	<object>
		<name>4</name>
		<pose>Unspecified</pose>
		<truncated>0</truncated>
		<difficult>0</difficult>
		<bndbox>
			<xmax>273</xmax>
			<xmin>227</xmin>
			<ymax>253</ymax>
			<ymin>194</ymin>
		</bndbox>
	</object>
	<object>
		<name>6</name>
		<pose>Unspecified</pose>
		<truncated>0</truncated>
		<difficult>0</difficult>
		<bndbox>
			<xmax>326</xmax>
			<xmin>281</xmin>
			<ymax>259</ymax>
			<ymin>196</ymin>
		</bndbox>
	</object>
	<object>
		<name>2</name>
		<pose>Unspecified</pose>
		<truncated>0</truncated>
		<difficult>0</difficult>
		<bndbox>
			<xmax>384</xmax>
			<xmin>340</xmin>
			<ymax>267</ymax>
			<ymin>209</ymin>
		</bndbox>
	</object>
	<object>
		<name>0</name>
		<pose>Unspecified</pose>
		<truncated>0</truncated>
		<difficult>0</difficult>
		<bndbox>
			<xmax>436</xmax>
			<xmin>391</xmin>
			<ymax>268</ymax>
			<ymin>211</ymin>
		</bndbox>
	</object>
	<object>
		<name>2</name>
		<pose>Unspecified</pose>
		<truncated>0</truncated>
		<difficult>0</difficult>
		<bndbox>
			<xmax>495</xmax>
			<xmin>444</xmin>
			<ymax>269</ymax>
			<ymin>219</ymin>
		</bndbox>
	</object>
</annotation>