<annotation>
	<folder>VOC2010</folder>
	<filename>00883201351917_0.jpg</filename>
	<source>
		<database>DICOM VOC2010 compatible Annotation Database</database>
		<annotation>Department of Computer Science and Communication</annotation>
		<image>University of Insubria</image>
	</source>
	<size>
		<width>640</width>
		<height>480</height>
		<depth>3</depth>
	</size>
	<segmented>1</segmented>
	<object>
		<name>2</name>
		<pose>Unspecified</pose>
		<truncated>0</truncated>
		<difficult>0</difficult>
		<bndbox>
			<xmax>152</xmax>
			<xmin>107</xmin>
			<ymax>249</ymax>
			<ymin>184</ymin>
		</bndbox>
	</object>
	<object>
		<name>8</name>
		<pose>Unspecified</pose>
		<truncated>0</truncated>
		<difficult>0</difficult>
		<bndbox>
			<xmax>226</xmax>
			<xmin>181</xmin>
			<ymax>245</ymax>
			<ymin>183</ymin>
		</bndbox>
	</object>
	<object>
		<name>3</name>
		<pose>Unspecified</pose>
		<truncated>0</truncated>
		<difficult>0</difficult>
		<bndbox>
			<xmax>298</xmax>
			<xmin>257</xmin>
			<ymax>249</ymax>
			<ymin>191</ymin>
		</bndbox>
	</object>
	<object>
		<name>0</name>
		<pose>Unspecified</pose>
		<truncated>0</truncated>
		<difficult>0</difficult>
		<bndbox>
			<xmax>370</xmax>
			<xmin>325</xmin>
			<ymax>249</ymax>
			<ymin>189</ymin>
		</bndbox>
	</object>
	<object>
		<name>5</name>
		<pose>Unspecified</pose>
		<truncated>0</truncated>
		<difficult>0</difficult>
		<bndbox>
			<xmax>445</xmax>
			<xmin>402</xmin>
			<ymax>253</ymax>
			<ymin>191</ymin>
		</bndbox>
	</object>
	<object>
		<name>3</name>
		<pose>Unspecified</pose>
		<truncated>0</truncated>
		<difficult>0</difficult>
		<bndbox>
			<xmax>516</xmax>
			<xmin>473</xmin>
			<ymax>254</ymax>
			<ymin>194</ymin>
		</bndbox>
	</object>
</annotation>