<annotation>
	<folder>VOC2010</folder>
	<filename>00882400854935_0.jpg</filename>
	<source>
		<database>DICOM VOC2010 compatible Annotation Database</database>
		<annotation>Department of Computer Science and Communication</annotation>
		<image>University of Insubria</image>
	</source>
	<size>
		<width>640</width>
		<height>480</height>
		<depth>3</depth>
	</size>
	<segmented>1</segmented>
	<object>
		<name>0</name>
		<pose>Unspecified</pose>
		<truncated>0</truncated>
		<difficult>0</difficult>
		<bndbox>
			<xmax>95</xmax>
			<xmin>48</xmin>
			<ymax>301</ymax>
			<ymin>252</ymin>
		</bndbox>
	</object>
	<object>
		<name>8</name>
		<pose>Unspecified</pose>
		<truncated>0</truncated>
		<difficult>0</difficult>
		<bndbox>
			<xmax>148</xmax>
			<xmin>105</xmin>
			<ymax>298</ymax>
			<ymin>245</ymin>
		</bndbox>
	</object>
	<object>
		<name>0</name>
		<pose>Unspecified</pose>
		<truncated>0</truncated>
		<difficult>0</difficult>
		<bndbox>
			<xmax>205</xmax>
			<xmin>161</xmin>
			<ymax>292</ymax>
			<ymin>243</ymin>
		</bndbox>
	</object>
	<object>
		<name>7</name>
		<pose>Unspecified</pose>
		<truncated>0</truncated>
		<difficult>0</difficult>
		<bndbox>
			<xmax>261</xmax>
			<xmin>218</xmin>
			<ymax>290</ymax>
			<ymin>241</ymin>
		</bndbox>
	</object>
	<object>
		<name>8</name>
		<pose>Unspecified</pose>
		<truncated>0</truncated>
		<difficult>0</difficult>
		<bndbox>
			<xmax>319</xmax>
			<xmin>276</xmin>
			<ymax>288</ymax>
			<ymin>237</ymin>
		</bndbox>
	</object>
	<object>
		<name>4</name>
		<pose>Unspecified</pose>
		<truncated>0</truncated>
		<difficult>0</difficult>
		<bndbox>
			<xmax>374</xmax>
			<xmin>331</xmin>
			<ymax>285</ymax>
			<ymin>238</ymin>
		</bndbox>
	</object>
	<object>
		<name>5</name>
		<pose>Unspecified</pose>
		<truncated>0</truncated>
		<difficult>0</difficult>
		<bndbox>
			<xmax>429</xmax>
			<xmin>388</xmin>
			<ymax>282</ymax>
			<ymin>237</ymin>
		</bndbox>
	</object>
	<object>
		<name>0</name>
		<pose>Unspecified</pose>
		<truncated>0</truncated>
		<difficult>0</difficult>
		<bndbox>
			<xmax>490</xmax>
			<xmin>444</xmin>
			<ymax>280</ymax>
			<ymin>233</ymin>
		</bndbox>
	</object>
</annotation>