<annotation>
	<folder>VOC2010</folder>
	<filename>00882400236119_0.jpg</filename>
	<source>
		<database>DICOM VOC2010 compatible Annotation Database</database>
		<annotation>Department of Computer Science and Communication</annotation>
		<image>University of Insubria</image>
	</source>
	<size>
		<width>640</width>
		<height>480</height>
		<depth>3</depth>
	</size>
	<segmented>1</segmented>
	<object>
		<name>0</name>
		<pose>Unspecified</pose>
		<truncated>0</truncated>
		<difficult>0</difficult>
		<bndbox>
			<xmax>102</xmax>
			<xmin>60</xmin>
			<ymax>221</ymax>
			<ymin>180</ymin>
		</bndbox>
	</object>
	<object>
		<name>6</name>
		<pose>Unspecified</pose>
		<truncated>0</truncated>
		<difficult>0</difficult>
		<bndbox>
			<xmax>151</xmax>
			<xmin>113</xmin>
			<ymax>221</ymax>
			<ymin>175</ymin>
		</bndbox>
	</object>
	<object>
		<name>2</name>
		<pose>Unspecified</pose>
		<truncated>0</truncated>
		<difficult>0</difficult>
		<bndbox>
			<xmax>200</xmax>
			<xmin>160</xmin>
			<ymax>220</ymax>
			<ymin>175</ymin>
		</bndbox>
	</object>
	<object>
		<name>7</name>
		<pose>Unspecified</pose>
		<truncated>0</truncated>
		<difficult>0</difficult>
		<bndbox>
			<xmax>246</xmax>
			<xmin>206</xmin>
			<ymax>218</ymax>
			<ymin>172</ymin>
		</bndbox>
	</object>
	<object>
		<name>5</name>
		<pose>Unspecified</pose>
		<truncated>0</truncated>
		<difficult>0</difficult>
		<bndbox>
			<xmax>293</xmax>
			<xmin>251</xmin>
			<ymax>218</ymax>
			<ymin>172</ymin>
		</bndbox>
	</object>
	<object>
		<name>2</name>
		<pose>Unspecified</pose>
		<truncated>0</truncated>
		<difficult>0</difficult>
		<bndbox>
			<xmax>341</xmax>
			<xmin>306</xmin>
			<ymax>216</ymax>
			<ymin>175</ymin>
		</bndbox>
	</object>
	<object>
		<name>2</name>
		<pose>Unspecified</pose>
		<truncated>0</truncated>
		<difficult>0</difficult>
		<bndbox>
			<xmax>383</xmax>
			<xmin>349</xmin>
			<ymax>215</ymax>
			<ymin>175</ymin>
		</bndbox>
	</object>
	<object>
		<name>5</name>
		<pose>Unspecified</pose>
		<truncated>0</truncated>
		<difficult>0</difficult>
		<bndbox>
			<xmax>431</xmax>
			<xmin>390</xmin>
			<ymax>216</ymax>
			<ymin>174</ymin>
		</bndbox>
	</object>
</annotation>