<annotation>
	<folder>VOC2010</folder>
	<filename>00883201370743_0.jpg</filename>
	<source>
		<database>DICOM VOC2010 compatible Annotation Database</database>
		<annotation>Department of Computer Science and Communication</annotation>
		<image>University of Insubria</image>
	</source>
	<size>
		<width>640</width>
		<height>480</height>
		<depth>3</depth>
	</size>
	<segmented>1</segmented>
	<object>
		<name>1</name>
		<pose>Unspecified</pose>
		<truncated>0</truncated>
		<difficult>0</difficult>
		<bndbox>
			<xmax>122</xmax>
			<xmin>92</xmin>
			<ymax>168</ymax>
			<ymin>123</ymin>
		</bndbox>
	</object>
	<object>
		<name>9</name>
		<pose>Unspecified</pose>
		<truncated>0</truncated>
		<difficult>0</difficult>
		<bndbox>
			<xmax>167</xmax>
			<xmin>137</xmin>
			<ymax>170</ymax>
			<ymin>123</ymin>
		</bndbox>
	</object>
	<object>
		<name>5</name>
		<pose>Unspecified</pose>
		<truncated>0</truncated>
		<difficult>0</difficult>
		<bndbox>
			<xmax>215</xmax>
			<xmin>183</xmin>
			<ymax>177</ymax>
			<ymin>129</ymin>
		</bndbox>
	</object>
	<object>
		<name>0</name>
		<pose>Unspecified</pose>
		<truncated>0</truncated>
		<difficult>0</difficult>
		<bndbox>
			<xmax>267</xmax>
			<xmin>234</xmin>
			<ymax>180</ymax>
			<ymin>131</ymin>
		</bndbox>
	</object>
	<object>
		<name>5</name>
		<pose>Unspecified</pose>
		<truncated>0</truncated>
		<difficult>0</difficult>
		<bndbox>
			<xmax>319</xmax>
			<xmin>285</xmin>
			<ymax>188</ymax>
			<ymin>135</ymin>
		</bndbox>
	</object>
	<object>
		<name>1</name>
		<pose>Unspecified</pose>
		<truncated>0</truncated>
		<difficult>0</difficult>
		<bndbox>
			<xmax>378</xmax>
			<xmin>342</xmin>
			<ymax>193</ymax>
			<ymin>139</ymin>
		</bndbox>
	</object>
	<object>
		<name>0</name>
		<pose>Unspecified</pose>
		<truncated>0</truncated>
		<difficult>0</difficult>
		<bndbox>
			<xmax>438</xmax>
			<xmin>400</xmin>
			<ymax>198</ymax>
			<ymin>146</ymin>
		</bndbox>
	</object>
	<object>
		<name>3</name>
		<pose>Unspecified</pose>
		<truncated>0</truncated>
		<difficult>0</difficult>
		<bndbox>
			<xmax>514</xmax>
			<xmin>466</xmin>
			<ymax>209</ymax>
			<ymin>149</ymin>
		</bndbox>
	</object>
</annotation>