<annotation>
	<folder>VOC2010</folder>
	<filename>00883201376260_0.jpg</filename>
	<source>
		<database>DICOM VOC2010 compatible Annotation Database</database>
		<annotation>Department of Computer Science and Communication</annotation>
		<image>University of Insubria</image>
	</source>
	<size>
		<width>640</width>
		<height>480</height>
		<depth>3</depth>
	</size>
	<segmented>1</segmented>
	<object>
		<name>0</name>
		<pose>Unspecified</pose>
		<truncated>0</truncated>
		<difficult>0</difficult>
		<bndbox>
			<xmax>150</xmax>
			<xmin>114</xmin>
			<ymax>235</ymax>
			<ymin>186</ymin>
		</bndbox>
	</object>
	<object>
		<name>1</name>
		<pose>Unspecified</pose>
		<truncated>0</truncated>
		<difficult>0</difficult>
		<bndbox>
			<xmax>201</xmax>
			<xmin>160</xmin>
			<ymax>237</ymax>
			<ymin>192</ymin>
		</bndbox>
	</object>
	<object>
		<name>7</name>
		<pose>Unspecified</pose>
		<truncated>0</truncated>
		<difficult>0</difficult>
		<bndbox>
			<xmax>244</xmax>
			<xmin>207</xmin>
			<ymax>240</ymax>
			<ymin>193</ymin>
		</bndbox>
	</object>
	<object>
		<name>0</name>
		<pose>Unspecified</pose>
		<truncated>0</truncated>
		<difficult>0</difficult>
		<bndbox>
			<xmax>291</xmax>
			<xmin>254</xmin>
			<ymax>242</ymax>
			<ymin>195</ymin>
		</bndbox>
	</object>
	<object>
		<name>5</name>
		<pose>Unspecified</pose>
		<truncated>0</truncated>
		<difficult>0</difficult>
		<bndbox>
			<xmax>342</xmax>
			<xmin>301</xmin>
			<ymax>243</ymax>
			<ymin>200</ymin>
		</bndbox>
	</object>
	<object>
		<name>9</name>
		<pose>Unspecified</pose>
		<truncated>0</truncated>
		<difficult>0</difficult>
		<bndbox>
			<xmax>384</xmax>
			<xmin>343</xmin>
			<ymax>248</ymax>
			<ymin>200</ymin>
		</bndbox>
	</object>
	<object>
		<name>0</name>
		<pose>Unspecified</pose>
		<truncated>0</truncated>
		<difficult>0</difficult>
		<bndbox>
			<xmax>427</xmax>
			<xmin>389</xmin>
			<ymax>249</ymax>
			<ymin>205</ymin>
		</bndbox>
	</object>
	<object>
		<name>3</name>
		<pose>Unspecified</pose>
		<truncated>0</truncated>
		<difficult>0</difficult>
		<bndbox>
			<xmax>474</xmax>
			<xmin>431</xmin>
			<ymax>252</ymax>
			<ymin>214</ymin>
		</bndbox>
	</object>
</annotation>