<annotation>
	<folder>VOC2010</folder>
	<filename>00883201366840_0.jpg</filename>
	<source>
		<database>DICOM VOC2010 compatible Annotation Database</database>
		<annotation>Department of Computer Science and Communication</annotation>
		<image>University of Insubria</image>
	</source>
	<size>
		<width>640</width>
		<height>480</height>
		<depth>3</depth>
	</size>
	<segmented>1</segmented>
	<object>
		<name>2</name>
		<pose>Unspecified</pose>
		<truncated>0</truncated>
		<difficult>0</difficult>
		<bndbox>
			<xmax>113</xmax>
			<xmin>73</xmin>
			<ymax>251</ymax>
			<ymin>200</ymin>
		</bndbox>
	</object>
	<object>
		<name>3</name>
		<pose>Unspecified</pose>
		<truncated>0</truncated>
		<difficult>0</difficult>
		<bndbox>
			<xmax>171</xmax>
			<xmin>128</xmin>
			<ymax>251</ymax>
			<ymin>201</ymin>
		</bndbox>
	</object>
	<object>
		<name>8</name>
		<pose>Unspecified</pose>
		<truncated>0</truncated>
		<difficult>0</difficult>
		<bndbox>
			<xmax>227</xmax>
			<xmin>184</xmin>
			<ymax>253</ymax>
			<ymin>201</ymin>
		</bndbox>
	</object>
	<object>
		<name>7</name>
		<pose>Unspecified</pose>
		<truncated>0</truncated>
		<difficult>0</difficult>
		<bndbox>
			<xmax>287</xmax>
			<xmin>239</xmin>
			<ymax>256</ymax>
			<ymin>200</ymin>
		</bndbox>
	</object>
	<object>
		<name>1</name>
		<pose>Unspecified</pose>
		<truncated>0</truncated>
		<difficult>0</difficult>
		<bndbox>
			<xmax>350</xmax>
			<xmin>301</xmin>
			<ymax>258</ymax>
			<ymin>204</ymin>
		</bndbox>
	</object>
	<object>
		<name>5</name>
		<pose>Unspecified</pose>
		<truncated>0</truncated>
		<difficult>0</difficult>
		<bndbox>
			<xmax>415</xmax>
			<xmin>370</xmin>
			<ymax>263</ymax>
			<ymin>207</ymin>
		</bndbox>
	</object>
	<object>
		<name>1</name>
		<pose>Unspecified</pose>
		<truncated>0</truncated>
		<difficult>0</difficult>
		<bndbox>
			<xmax>485</xmax>
			<xmin>435</xmin>
			<ymax>269</ymax>
			<ymin>205</ymin>
		</bndbox>
	</object>
	<object>
		<name>8</name>
		<pose>Unspecified</pose>
		<truncated>0</truncated>
		<difficult>0</difficult>
		<bndbox>
			<xmax>565</xmax>
			<xmin>508</xmin>
			<ymax>269</ymax>
			<ymin>206</ymin>
		</bndbox>
	</object>
</annotation>