<annotation>
	<folder>VOC2010</folder>
	<filename>00885200035615_0.jpg</filename>
	<source>
		<database>DICOM VOC2010 compatible Annotation Database</database>
		<annotation>Department of Computer Science and Communication</annotation>
		<image>University of Insubria</image>
	</source>
	<size>
		<width>640</width>
		<height>480</height>
		<depth>3</depth>
	</size>
	<segmented>1</segmented>
	<object>
		<name>0</name>
		<pose>Unspecified</pose>
		<truncated>0</truncated>
		<difficult>0</difficult>
		<bndbox>
			<xmax>190</xmax>
			<xmin>163</xmin>
			<ymax>162</ymax>
			<ymin>119</ymin>
		</bndbox>
	</object>
	<object>
		<name>9</name>
		<pose>Unspecified</pose>
		<truncated>0</truncated>
		<difficult>0</difficult>
		<bndbox>
			<xmax>251</xmax>
			<xmin>209</xmin>
			<ymax>162</ymax>
			<ymin>119</ymin>
		</bndbox>
	</object>
	<object>
		<name>6</name>
		<pose>Unspecified</pose>
		<truncated>0</truncated>
		<difficult>0</difficult>
		<bndbox>
			<xmax>301</xmax>
			<xmin>265</xmin>
			<ymax>162</ymax>
			<ymin>117</ymin>
		</bndbox>
	</object>
	<object>
		<name>4</name>
		<pose>Unspecified</pose>
		<truncated>0</truncated>
		<difficult>0</difficult>
		<bndbox>
			<xmax>351</xmax>
			<xmin>316</xmin>
			<ymax>162</ymax>
			<ymin>120</ymin>
		</bndbox>
	</object>
	<object>
		<name>7</name>
		<pose>Unspecified</pose>
		<truncated>0</truncated>
		<difficult>0</difficult>
		<bndbox>
			<xmax>404</xmax>
			<xmin>365</xmin>
			<ymax>161</ymax>
			<ymin>117</ymin>
		</bndbox>
	</object>
	<object>
		<name>4</name>
		<pose>Unspecified</pose>
		<truncated>0</truncated>
		<difficult>0</difficult>
		<bndbox>
			<xmax>450</xmax>
			<xmin>418</xmin>
			<ymax>160</ymax>
			<ymin>119</ymin>
		</bndbox>
	</object>
	<object>
		<name>0</name>
		<pose>Unspecified</pose>
		<truncated>0</truncated>
		<difficult>0</difficult>
		<bndbox>
			<xmax>498</xmax>
			<xmin>466</xmin>
			<ymax>160</ymax>
			<ymin>118</ymin>
		</bndbox>
	</object>
	<object>
		<name>1</name>
		<pose>Unspecified</pose>
		<truncated>0</truncated>
		<difficult>0</difficult>
		<bndbox>
			<xmax>547</xmax>
			<xmin>517</xmin>
			<ymax>159</ymax>
			<ymin>118</ymin>
		</bndbox>
	</object>
</annotation>