<annotation>
	<folder>VOC2010</folder>
	<filename>00882401298886_0.jpg</filename>
	<source>
		<database>DICOM VOC2010 compatible Annotation Database</database>
		<annotation>Department of Computer Science and Communication</annotation>
		<image>University of Insubria</image>
	</source>
	<size>
		<width>640</width>
		<height>480</height>
		<depth>3</depth>
	</size>
	<segmented>1</segmented>
	<object>
		<name>1</name>
		<pose>Unspecified</pose>
		<truncated>0</truncated>
		<difficult>0</difficult>
		<bndbox>
			<xmax>152</xmax>
			<xmin>112</xmin>
			<ymax>208</ymax>
			<ymin>169</ymin>
		</bndbox>
	</object>
	<object>
		<name>6</name>
		<pose>Unspecified</pose>
		<truncated>0</truncated>
		<difficult>0</difficult>
		<bndbox>
			<xmax>197</xmax>
			<xmin>155</xmin>
			<ymax>207</ymax>
			<ymin>172</ymin>
		</bndbox>
	</object>
	<object>
		<name>3</name>
		<pose>Unspecified</pose>
		<truncated>0</truncated>
		<difficult>0</difficult>
		<bndbox>
			<xmax>247</xmax>
			<xmin>205</xmin>
			<ymax>208</ymax>
			<ymin>170</ymin>
		</bndbox>
	</object>
	<object>
		<name>1</name>
		<pose>Unspecified</pose>
		<truncated>0</truncated>
		<difficult>0</difficult>
		<bndbox>
			<xmax>289</xmax>
			<xmin>252</xmin>
			<ymax>212</ymax>
			<ymin>170</ymin>
		</bndbox>
	</object>
	<object>
		<name>9</name>
		<pose>Unspecified</pose>
		<truncated>0</truncated>
		<difficult>0</difficult>
		<bndbox>
			<xmax>337</xmax>
			<xmin>297</xmin>
			<ymax>210</ymax>
			<ymin>172</ymin>
		</bndbox>
	</object>
	<object>
		<name>6</name>
		<pose>Unspecified</pose>
		<truncated>0</truncated>
		<difficult>0</difficult>
		<bndbox>
			<xmax>386</xmax>
			<xmin>347</xmin>
			<ymax>211</ymax>
			<ymin>172</ymin>
		</bndbox>
	</object>
	<object>
		<name>8</name>
		<pose>Unspecified</pose>
		<truncated>0</truncated>
		<difficult>0</difficult>
		<bndbox>
			<xmax>429</xmax>
			<xmin>393</xmin>
			<ymax>211</ymax>
			<ymin>174</ymin>
		</bndbox>
	</object>
	<object>
		<name>8</name>
		<pose>Unspecified</pose>
		<truncated>0</truncated>
		<difficult>0</difficult>
		<bndbox>
			<xmax>481</xmax>
			<xmin>437</xmin>
			<ymax>213</ymax>
			<ymin>175</ymin>
		</bndbox>
	</object>
</annotation>