<annotation>
	<folder>VOC2010</folder>
	<filename>00883201368556_0.jpg</filename>
	<source>
		<database>DICOM VOC2010 compatible Annotation Database</database>
		<annotation>Department of Computer Science and Communication</annotation>
		<image>University of Insubria</image>
	</source>
	<size>
		<width>640</width>
		<height>480</height>
		<depth>3</depth>
	</size>
	<segmented>1</segmented>
	<object>
		<name>0</name>
		<pose>Unspecified</pose>
		<truncated>0</truncated>
		<difficult>0</difficult>
		<bndbox>
			<xmax>141</xmax>
			<xmin>112</xmin>
			<ymax>193</ymax>
			<ymin>152</ymin>
		</bndbox>
	</object>
	<object>
		<name>8</name>
		<pose>Unspecified</pose>
		<truncated>0</truncated>
		<difficult>0</difficult>
		<bndbox>
			<xmax>190</xmax>
			<xmin>162</xmin>
			<ymax>195</ymax>
			<ymin>154</ymin>
		</bndbox>
	</object>
	<object>
		<name>5</name>
		<pose>Unspecified</pose>
		<truncated>0</truncated>
		<difficult>0</difficult>
		<bndbox>
			<xmax>237</xmax>
			<xmin>208</xmin>
			<ymax>197</ymax>
			<ymin>157</ymin>
		</bndbox>
	</object>
	<object>
		<name>9</name>
		<pose>Unspecified</pose>
		<truncated>0</truncated>
		<difficult>0</difficult>
		<bndbox>
			<xmax>285</xmax>
			<xmin>253</xmin>
			<ymax>202</ymax>
			<ymin>156</ymin>
		</bndbox>
	</object>
	<object>
		<name>1</name>
		<pose>Unspecified</pose>
		<truncated>0</truncated>
		<difficult>0</difficult>
		<bndbox>
			<xmax>327</xmax>
			<xmin>302</xmin>
			<ymax>203</ymax>
			<ymin>161</ymin>
		</bndbox>
	</object>
	<object>
		<name>6</name>
		<pose>Unspecified</pose>
		<truncated>0</truncated>
		<difficult>0</difficult>
		<bndbox>
			<xmax>376</xmax>
			<xmin>345</xmin>
			<ymax>204</ymax>
			<ymin>161</ymin>
		</bndbox>
	</object>
</annotation>