<annotation>
	<folder>VOC2010</folder>
	<filename>00882400471930_0.jpg</filename>
	<source>
		<database>DICOM VOC2010 compatible Annotation Database</database>
		<annotation>Department of Computer Science and Communication</annotation>
		<image>University of Insubria</image>
	</source>
	<size>
		<width>640</width>
		<height>480</height>
		<depth>3</depth>
	</size>
	<segmented>1</segmented>
	<object>
		<name>1</name>
		<pose>Unspecified</pose>
		<truncated>0</truncated>
		<difficult>0</difficult>
		<bndbox>
			<xmax>110</xmax>
			<xmin>81</xmin>
			<ymax>244</ymax>
			<ymin>203</ymin>
		</bndbox>
	</object>
	<object>
		<name>0</name>
		<pose>Unspecified</pose>
		<truncated>0</truncated>
		<difficult>0</difficult>
		<bndbox>
			<xmax>149</xmax>
			<xmin>115</xmin>
			<ymax>244</ymax>
			<ymin>199</ymin>
		</bndbox>
	</object>
	<object>
		<name>2</name>
		<pose>Unspecified</pose>
		<truncated>0</truncated>
		<difficult>0</difficult>
		<bndbox>
			<xmax>190</xmax>
			<xmin>154</xmin>
			<ymax>246</ymax>
			<ymin>200</ymin>
		</bndbox>
	</object>
	<object>
		<name>0</name>
		<pose>Unspecified</pose>
		<truncated>0</truncated>
		<difficult>0</difficult>
		<bndbox>
			<xmax>229</xmax>
			<xmin>195</xmin>
			<ymax>246</ymax>
			<ymin>201</ymin>
		</bndbox>
	</object>
	<object>
		<name>4</name>
		<pose>Unspecified</pose>
		<truncated>0</truncated>
		<difficult>0</difficult>
		<bndbox>
			<xmax>266</xmax>
			<xmin>234</xmin>
			<ymax>245</ymax>
			<ymin>205</ymin>
		</bndbox>
	</object>
	<object>
		<name>0</name>
		<pose>Unspecified</pose>
		<truncated>0</truncated>
		<difficult>0</difficult>
		<bndbox>
			<xmax>307</xmax>
			<xmin>277</xmin>
			<ymax>246</ymax>
			<ymin>209</ymin>
		</bndbox>
	</object>
	<object>
		<name>0</name>
		<pose>Unspecified</pose>
		<truncated>0</truncated>
		<difficult>0</difficult>
		<bndbox>
			<xmax>348</xmax>
			<xmin>315</xmin>
			<ymax>245</ymax>
			<ymin>212</ymin>
		</bndbox>
	</object>
	<object>
		<name>9</name>
		<pose>Unspecified</pose>
		<truncated>0</truncated>
		<difficult>0</difficult>
		<bndbox>
			<xmax>385</xmax>
			<xmin>352</xmin>
			<ymax>250</ymax>
			<ymin>215</ymin>
		</bndbox>
	</object>
</annotation>