<annotation>
	<folder>VOC2010</folder>
	<filename>00882400455115_0.jpg</filename>
	<source>
		<database>DICOM VOC2010 compatible Annotation Database</database>
		<annotation>Department of Computer Science and Communication</annotation>
		<image>University of Insubria</image>
	</source>
	<size>
		<width>640</width>
		<height>480</height>
		<depth>3</depth>
	</size>
	<segmented>1</segmented>
	<object>
		<name>5</name>
		<pose>Unspecified</pose>
		<truncated>0</truncated>
		<difficult>0</difficult>
		<bndbox>
			<xmax>170</xmax>
			<xmin>144</xmin>
			<ymax>204</ymax>
			<ymin>173</ymin>
		</bndbox>
	</object>
	<object>
		<name>9</name>
		<pose>Unspecified</pose>
		<truncated>0</truncated>
		<difficult>0</difficult>
		<bndbox>
			<xmax>204</xmax>
			<xmin>176</xmin>
			<ymax>203</ymax>
			<ymin>171</ymin>
		</bndbox>
	</object>
	<object>
		<name>3</name>
		<pose>Unspecified</pose>
		<truncated>0</truncated>
		<difficult>0</difficult>
		<bndbox>
			<xmax>233</xmax>
			<xmin>209</xmin>
			<ymax>203</ymax>
			<ymin>174</ymin>
		</bndbox>
	</object>
	<object>
		<name>2</name>
		<pose>Unspecified</pose>
		<truncated>0</truncated>
		<difficult>0</difficult>
		<bndbox>
			<xmax>269</xmax>
			<xmin>243</xmin>
			<ymax>200</ymax>
			<ymin>172</ymin>
		</bndbox>
	</object>
	<object>
		<name>0</name>
		<pose>Unspecified</pose>
		<truncated>0</truncated>
		<difficult>0</difficult>
		<bndbox>
			<xmax>302</xmax>
			<xmin>274</xmin>
			<ymax>198</ymax>
			<ymin>172</ymin>
		</bndbox>
	</object>
	<object>
		<name>5</name>
		<pose>Unspecified</pose>
		<truncated>0</truncated>
		<difficult>0</difficult>
		<bndbox>
			<xmax>334</xmax>
			<xmin>309</xmin>
			<ymax>200</ymax>
			<ymin>173</ymin>
		</bndbox>
	</object>
	<object>
		<name>2</name>
		<pose>Unspecified</pose>
		<truncated>0</truncated>
		<difficult>0</difficult>
		<bndbox>
			<xmax>369</xmax>
			<xmin>342</xmin>
			<ymax>200</ymax>
			<ymin>175</ymin>
		</bndbox>
	</object>
	<object>
		<name>5</name>
		<pose>Unspecified</pose>
		<truncated>0</truncated>
		<difficult>0</difficult>
		<bndbox>
			<xmax>405</xmax>
			<xmin>373</xmin>
			<ymax>200</ymax>
			<ymin>171</ymin>
		</bndbox>
	</object>
</annotation>