<annotation>
	<folder>VOC2010</folder>
	<filename>00882400616096_0.jpg</filename>
	<source>
		<database>DICOM VOC2010 compatible Annotation Database</database>
		<annotation>Department of Computer Science and Communication</annotation>
		<image>University of Insubria</image>
	</source>
	<size>
		<width>600</width>
		<height>800</height>
		<depth>3</depth>
	</size>
	<segmented>1</segmented>
	<object>
		<name>0</name>
		<pose>Unspecified</pose>
		<truncated>0</truncated>
		<difficult>0</difficult>
		<bndbox>
			<xmax>116</xmax>
			<xmin>75</xmin>
			<ymax>413</ymax>
			<ymin>358</ymin>
		</bndbox>
	</object>
	<object>
		<name>6</name>
		<pose>Unspecified</pose>
		<truncated>0</truncated>
		<difficult>0</difficult>
		<bndbox>
			<xmax>168</xmax>
			<xmin>128</xmin>
			<ymax>410</ymax>
			<ymin>356</ymin>
		</bndbox>
	</object>
	<object>
		<name>3</name>
		<pose>Unspecified</pose>
		<truncated>0</truncated>
		<difficult>0</difficult>
		<bndbox>
			<xmax>226</xmax>
			<xmin>181</xmin>
			<ymax>410</ymax>
			<ymin>356</ymin>
		</bndbox>
	</object>
	<object>
		<name>4</name>
		<pose>Unspecified</pose>
		<truncated>0</truncated>
		<difficult>0</difficult>
		<bndbox>
			<xmax>281</xmax>
			<xmin>236</xmin>
			<ymax>411</ymax>
			<ymin>358</ymin>
		</bndbox>
	</object>
	<object>
		<name>5</name>
		<pose>Unspecified</pose>
		<truncated>0</truncated>
		<difficult>0</difficult>
		<bndbox>
			<xmax>331</xmax>
			<xmin>283</xmin>
			<ymax>413</ymax>
			<ymin>356</ymin>
		</bndbox>
	</object>
	<object>
		<name>7</name>
		<pose>Unspecified</pose>
		<truncated>0</truncated>
		<difficult>0</difficult>
		<bndbox>
			<xmax>383</xmax>
			<xmin>338</xmin>
			<ymax>408</ymax>
			<ymin>360</ymin>
		</bndbox>
	</object>
	<object>
		<name>2</name>
		<pose>Unspecified</pose>
		<truncated>0</truncated>
		<difficult>0</difficult>
		<bndbox>
			<xmax>435</xmax>
			<xmin>398</xmin>
			<ymax>410</ymax>
			<ymin>355</ymin>
		</bndbox>
	</object>
	<object>
		<name>0</name>
		<pose>Unspecified</pose>
		<truncated>0</truncated>
		<difficult>0</difficult>
		<bndbox>
			<xmax>486</xmax>
			<xmin>450</xmin>
			<ymax>408</ymax>
			<ymin>356</ymin>
		</bndbox>
	</object>
</annotation>