<annotation>
	<folder>VOC2010</folder>
	<filename>00882401021566_0.jpg</filename>
	<source>
		<database>DICOM VOC2010 compatible Annotation Database</database>
		<annotation>Department of Computer Science and Communication</annotation>
		<image>University of Insubria</image>
	</source>
	<size>
		<width>640</width>
		<height>480</height>
		<depth>3</depth>
	</size>
	<segmented>1</segmented>
	<object>
		<name>3</name>
		<pose>Unspecified</pose>
		<truncated>0</truncated>
		<difficult>0</difficult>
		<bndbox>
			<xmax>167</xmax>
			<xmin>129</xmin>
			<ymax>181</ymax>
			<ymin>139</ymin>
		</bndbox>
	</object>
	<object>
		<name>0</name>
		<pose>Unspecified</pose>
		<truncated>0</truncated>
		<difficult>0</difficult>
		<bndbox>
			<xmax>210</xmax>
			<xmin>171</xmin>
			<ymax>181</ymax>
			<ymin>137</ymin>
		</bndbox>
	</object>
	<object>
		<name>1</name>
		<pose>Unspecified</pose>
		<truncated>0</truncated>
		<difficult>0</difficult>
		<bndbox>
			<xmax>257</xmax>
			<xmin>213</xmin>
			<ymax>188</ymax>
			<ymin>139</ymin>
		</bndbox>
	</object>
	<object>
		<name>1</name>
		<pose>Unspecified</pose>
		<truncated>0</truncated>
		<difficult>0</difficult>
		<bndbox>
			<xmax>295</xmax>
			<xmin>262</xmin>
			<ymax>187</ymax>
			<ymin>141</ymin>
		</bndbox>
	</object>
	<object>
		<name>7</name>
		<pose>Unspecified</pose>
		<truncated>0</truncated>
		<difficult>0</difficult>
		<bndbox>
			<xmax>343</xmax>
			<xmin>300</xmin>
			<ymax>190</ymax>
			<ymin>140</ymin>
		</bndbox>
	</object>
	<object>
		<name>1</name>
		<pose>Unspecified</pose>
		<truncated>0</truncated>
		<difficult>0</difficult>
		<bndbox>
			<xmax>386</xmax>
			<xmin>354</xmin>
			<ymax>194</ymax>
			<ymin>141</ymin>
		</bndbox>
	</object>
	<object>
		<name>2</name>
		<pose>Unspecified</pose>
		<truncated>0</truncated>
		<difficult>0</difficult>
		<bndbox>
			<xmax>436</xmax>
			<xmin>392</xmin>
			<ymax>195</ymax>
			<ymin>146</ymin>
		</bndbox>
	</object>
	<object>
		<name>3</name>
		<pose>Unspecified</pose>
		<truncated>0</truncated>
		<difficult>0</difficult>
		<bndbox>
			<xmax>483</xmax>
			<xmin>441</xmin>
			<ymax>199</ymax>
			<ymin>148</ymin>
		</bndbox>
	</object>
</annotation>