<annotation>
	<folder>VOC2010</folder>
	<filename>00882400006790_0.jpg</filename>
	<source>
		<database>DICOM VOC2010 compatible Annotation Database</database>
		<annotation>Department of Computer Science and Communication</annotation>
		<image>University of Insubria</image>
	</source>
	<size>
		<width>640</width>
		<height>480</height>
		<depth>3</depth>
	</size>
	<segmented>1</segmented>
	<object>
		<name>0</name>
		<pose>Unspecified</pose>
		<truncated>0</truncated>
		<difficult>0</difficult>
		<bndbox>
			<xmax>100</xmax>
			<xmin>60</xmin>
			<ymax>276</ymax>
			<ymin>240</ymin>
		</bndbox>
	</object>
	<object>
		<name>7</name>
		<pose>Unspecified</pose>
		<truncated>0</truncated>
		<difficult>0</difficult>
		<bndbox>
			<xmax>133</xmax>
			<xmin>101</xmin>
			<ymax>274</ymax>
			<ymin>239</ymin>
		</bndbox>
	</object>
	<object>
		<name>3</name>
		<pose>Unspecified</pose>
		<truncated>0</truncated>
		<difficult>0</difficult>
		<bndbox>
			<xmax>172</xmax>
			<xmin>138</xmin>
			<ymax>276</ymax>
			<ymin>241</ymin>
		</bndbox>
	</object>
	<object>
		<name>1</name>
		<pose>Unspecified</pose>
		<truncated>0</truncated>
		<difficult>0</difficult>
		<bndbox>
			<xmax>206</xmax>
			<xmin>174</xmin>
			<ymax>277</ymax>
			<ymin>242</ymin>
		</bndbox>
	</object>
	<object>
		<name>3</name>
		<pose>Unspecified</pose>
		<truncated>0</truncated>
		<difficult>0</difficult>
		<bndbox>
			<xmax>243</xmax>
			<xmin>213</xmin>
			<ymax>279</ymax>
			<ymin>243</ymin>
		</bndbox>
	</object>
	<object>
		<name>1</name>
		<pose>Unspecified</pose>
		<truncated>0</truncated>
		<difficult>0</difficult>
		<bndbox>
			<xmax>281</xmax>
			<xmin>256</xmin>
			<ymax>277</ymax>
			<ymin>246</ymin>
		</bndbox>
	</object>
	<object>
		<name>1</name>
		<pose>Unspecified</pose>
		<truncated>0</truncated>
		<difficult>0</difficult>
		<bndbox>
			<xmax>318</xmax>
			<xmin>289</xmin>
			<ymax>280</ymax>
			<ymin>247</ymin>
		</bndbox>
	</object>
	<object>
		<name>2</name>
		<pose>Unspecified</pose>
		<truncated>0</truncated>
		<difficult>0</difficult>
		<bndbox>
			<xmax>355</xmax>
			<xmin>325</xmin>
			<ymax>283</ymax>
			<ymin>250</ymin>
		</bndbox>
	</object>
</annotation>