<annotation>
	<folder>VOC2010</folder>
	<filename>00883201360504_0.jpg</filename>
	<source>
		<database>DICOM VOC2010 compatible Annotation Database</database>
		<annotation>Department of Computer Science and Communication</annotation>
		<image>University of Insubria</image>
	</source>
	<size>
		<width>640</width>
		<height>480</height>
		<depth>3</depth>
	</size>
	<segmented>1</segmented>
	<object>
		<name>1</name>
		<pose>Unspecified</pose>
		<truncated>0</truncated>
		<difficult>0</difficult>
		<bndbox>
			<xmax>151</xmax>
			<xmin>123</xmin>
			<ymax>249</ymax>
			<ymin>222</ymin>
		</bndbox>
	</object>
	<object>
		<name>4</name>
		<pose>Unspecified</pose>
		<truncated>0</truncated>
		<difficult>0</difficult>
		<bndbox>
			<xmax>184</xmax>
			<xmin>160</xmin>
			<ymax>249</ymax>
			<ymin>224</ymin>
		</bndbox>
	</object>
	<object>
		<name>6</name>
		<pose>Unspecified</pose>
		<truncated>0</truncated>
		<difficult>0</difficult>
		<bndbox>
			<xmax>218</xmax>
			<xmin>189</xmin>
			<ymax>254</ymax>
			<ymin>218</ymin>
		</bndbox>
	</object>
	<object>
		<name>0</name>
		<pose>Unspecified</pose>
		<truncated>0</truncated>
		<difficult>0</difficult>
		<bndbox>
			<xmax>249</xmax>
			<xmin>222</xmin>
			<ymax>254</ymax>
			<ymin>223</ymin>
		</bndbox>
	</object>
	<object>
		<name>2</name>
		<pose>Unspecified</pose>
		<truncated>0</truncated>
		<difficult>0</difficult>
		<bndbox>
			<xmax>284</xmax>
			<xmin>258</xmin>
			<ymax>257</ymax>
			<ymin>227</ymin>
		</bndbox>
	</object>
	<object>
		<name>1</name>
		<pose>Unspecified</pose>
		<truncated>0</truncated>
		<difficult>0</difficult>
		<bndbox>
			<xmax>314</xmax>
			<xmin>291</xmin>
			<ymax>258</ymax>
			<ymin>232</ymin>
		</bndbox>
	</object>
	<object>
		<name>1</name>
		<pose>Unspecified</pose>
		<truncated>0</truncated>
		<difficult>0</difficult>
		<bndbox>
			<xmax>349</xmax>
			<xmin>323</xmin>
			<ymax>262</ymax>
			<ymin>233</ymin>
		</bndbox>
	</object>
	<object>
		<name>0</name>
		<pose>Unspecified</pose>
		<truncated>0</truncated>
		<difficult>0</difficult>
		<bndbox>
			<xmax>389</xmax>
			<xmin>358</xmin>
			<ymax>267</ymax>
			<ymin>234</ymin>
		</bndbox>
	</object>
</annotation>