<annotation>
	<folder>VOC2010</folder>
	<filename>00883201357450_0.jpg</filename>
	<source>
		<database>DICOM VOC2010 compatible Annotation Database</database>
		<annotation>Department of Computer Science and Communication</annotation>
		<image>University of Insubria</image>
	</source>
	<size>
		<width>640</width>
		<height>480</height>
		<depth>3</depth>
	</size>
	<segmented>1</segmented>
	<object>
		<name>0</name>
		<pose>Unspecified</pose>
		<truncated>0</truncated>
		<difficult>0</difficult>
		<bndbox>
			<xmax>140</xmax>
			<xmin>106</xmin>
			<ymax>251</ymax>
			<ymin>223</ymin>
		</bndbox>
	</object>
	<object>
		<name>0</name>
		<pose>Unspecified</pose>
		<truncated>0</truncated>
		<difficult>0</difficult>
		<bndbox>
			<xmax>174</xmax>
			<xmin>148</xmin>
			<ymax>254</ymax>
			<ymin>222</ymin>
		</bndbox>
	</object>
	<object>
		<name>8</name>
		<pose>Unspecified</pose>
		<truncated>0</truncated>
		<difficult>0</difficult>
		<bndbox>
			<xmax>209</xmax>
			<xmin>182</xmin>
			<ymax>252</ymax>
			<ymin>221</ymin>
		</bndbox>
	</object>
	<object>
		<name>8</name>
		<pose>Unspecified</pose>
		<truncated>0</truncated>
		<difficult>0</difficult>
		<bndbox>
			<xmax>243</xmax>
			<xmin>215</xmin>
			<ymax>253</ymax>
			<ymin>219</ymin>
		</bndbox>
	</object>
	<object>
		<name>0</name>
		<pose>Unspecified</pose>
		<truncated>0</truncated>
		<difficult>0</difficult>
		<bndbox>
			<xmax>276</xmax>
			<xmin>249</xmin>
			<ymax>254</ymax>
			<ymin>221</ymin>
		</bndbox>
	</object>
	<object>
		<name>5</name>
		<pose>Unspecified</pose>
		<truncated>0</truncated>
		<difficult>0</difficult>
		<bndbox>
			<xmax>309</xmax>
			<xmin>283</xmin>
			<ymax>254</ymax>
			<ymin>224</ymin>
		</bndbox>
	</object>
	<object>
		<name>2</name>
		<pose>Unspecified</pose>
		<truncated>0</truncated>
		<difficult>0</difficult>
		<bndbox>
			<xmax>343</xmax>
			<xmin>315</xmin>
			<ymax>256</ymax>
			<ymin>224</ymin>
		</bndbox>
	</object>
	<object>
		<name>3</name>
		<pose>Unspecified</pose>
		<truncated>0</truncated>
		<difficult>0</difficult>
		<bndbox>
			<xmax>379</xmax>
			<xmin>353</xmin>
			<ymax>257</ymax>
			<ymin>225</ymin>
		</bndbox>
	</object>
</annotation>