<annotation>
	<folder>VOC2010</folder>
	<filename>02800000310933_0.jpg</filename>
	<source>
		<database>DICOM VOC2010 compatible Annotation Database</database>
		<annotation>Department of Computer Science and Communication</annotation>
		<image>University of Insubria</image>
	</source>
	<size>
		<width>600</width>
		<height>800</height>
		<depth>3</depth>
	</size>
	<segmented>1</segmented>
	<object>
		<name>0</name>
		<pose>Unspecified</pose>
		<truncated>0</truncated>
		<difficult>0</difficult>
		<bndbox>
			<xmax>416</xmax>
			<xmin>383</xmin>
			<ymax>416</ymax>
			<ymin>373</ymin>
		</bndbox>
	</object>
	<object>
		<name>3</name>
		<pose>Unspecified</pose>
		<truncated>0</truncated>
		<difficult>0</difficult>
		<bndbox>
			<xmax>456</xmax>
			<xmin>418</xmin>
			<ymax>411</ymax>
			<ymin>366</ymin>
		</bndbox>
	</object>
	<object>
		<name>3</name>
		<pose>Unspecified</pose>
		<truncated>0</truncated>
		<difficult>0</difficult>
		<bndbox>
			<xmax>493</xmax>
			<xmin>453</xmin>
			<ymax>413</ymax>
			<ymin>360</ymin>
		</bndbox>
	</object>
	<object>
		<name>2</name>
		<pose>Unspecified</pose>
		<truncated>0</truncated>
		<difficult>0</difficult>
		<bndbox>
			<xmax>526</xmax>
			<xmin>481</xmin>
			<ymax>406</ymax>
			<ymin>363</ymin>
		</bndbox>
	</object>
	<object>
		<name>8</name>
		<pose>Unspecified</pose>
		<truncated>0</truncated>
		<difficult>0</difficult>
		<bndbox>
			<xmax>553</xmax>
			<xmin>513</xmin>
			<ymax>408</ymax>
			<ymin>358</ymin>
		</bndbox>
	</object>
	<object>
		<name>6</name>
		<pose>Unspecified</pose>
		<truncated>0</truncated>
		<difficult>0</difficult>
		<bndbox>
			<xmax>585</xmax>
			<xmin>548</xmin>
			<ymax>401</ymax>
			<ymin>365</ymin>
		</bndbox>
	</object>
</annotation>