<annotation>
	<folder>VOC2010</folder>
	<filename>02800000314139_0.jpg</filename>
	<source>
		<database>DICOM VOC2010 compatible Annotation Database</database>
		<annotation>Department of Computer Science and Communication</annotation>
		<image>University of Insubria</image>
	</source>
	<size>
		<width>600</width>
		<height>800</height>
		<depth>3</depth>
	</size>
	<segmented>1</segmented>
	<object>
		<name>0</name>
		<pose>Unspecified</pose>
		<truncated>0</truncated>
		<difficult>0</difficult>
		<bndbox>
			<xmax>115</xmax>
			<xmin>68</xmin>
			<ymax>498</ymax>
			<ymin>451</ymin>
		</bndbox>
	</object>
	<object>
		<name>5</name>
		<pose>Unspecified</pose>
		<truncated>0</truncated>
		<difficult>0</difficult>
		<bndbox>
			<xmax>166</xmax>
			<xmin>126</xmin>
			<ymax>498</ymax>
			<ymin>446</ymin>
		</bndbox>
	</object>
	<object>
		<name>8</name>
		<pose>Unspecified</pose>
		<truncated>0</truncated>
		<difficult>0</difficult>
		<bndbox>
			<xmax>223</xmax>
			<xmin>183</xmin>
			<ymax>498</ymax>
			<ymin>446</ymin>
		</bndbox>
	</object>
	<object>
		<name>3</name>
		<pose>Unspecified</pose>
		<truncated>0</truncated>
		<difficult>0</difficult>
		<bndbox>
			<xmax>275</xmax>
			<xmin>236</xmin>
			<ymax>493</ymax>
			<ymin>451</ymin>
		</bndbox>
	</object>
	<object>
		<name>9</name>
		<pose>Unspecified</pose>
		<truncated>0</truncated>
		<difficult>0</difficult>
		<bndbox>
			<xmax>323</xmax>
			<xmin>281</xmin>
			<ymax>496</ymax>
			<ymin>446</ymin>
		</bndbox>
	</object>
	<object>
		<name>2</name>
		<pose>Unspecified</pose>
		<truncated>0</truncated>
		<difficult>0</difficult>
		<bndbox>
			<xmax>375</xmax>
			<xmin>333</xmin>
			<ymax>491</ymax>
			<ymin>445</ymin>
		</bndbox>
	</object>
	<object>
		<name>1</name>
		<pose>Unspecified</pose>
		<truncated>0</truncated>
		<difficult>0</difficult>
		<bndbox>
			<xmax>426</xmax>
			<xmin>386</xmin>
			<ymax>495</ymax>
			<ymin>443</ymin>
		</bndbox>
	</object>
	<object>
		<name>8</name>
		<pose>Unspecified</pose>
		<truncated>0</truncated>
		<difficult>0</difficult>
		<bndbox>
			<xmax>471</xmax>
			<xmin>426</xmin>
			<ymax>493</ymax>
			<ymin>441</ymin>
		</bndbox>
	</object>
</annotation>