<annotation>
	<folder>VOC2010</folder>
	<filename>02800000311439_0.jpg</filename>
	<source>
		<database>DICOM VOC2010 compatible Annotation Database</database>
		<annotation>Department of Computer Science and Communication</annotation>
		<image>University of Insubria</image>
	</source>
	<size>
		<width>600</width>
		<height>800</height>
		<depth>3</depth>
	</size>
	<segmented>1</segmented>
	<object>
		<name>0</name>
		<pose>Unspecified</pose>
		<truncated>0</truncated>
		<difficult>0</difficult>
		<bndbox>
			<xmax>190</xmax>
			<xmin>125</xmin>
			<ymax>408</ymax>
			<ymin>336</ymin>
		</bndbox>
	</object>
	<object>
		<name>1</name>
		<pose>Unspecified</pose>
		<truncated>0</truncated>
		<difficult>0</difficult>
		<bndbox>
			<xmax>240</xmax>
			<xmin>200</xmin>
			<ymax>405</ymax>
			<ymin>346</ymin>
		</bndbox>
	</object>
	<object>
		<name>0</name>
		<pose>Unspecified</pose>
		<truncated>0</truncated>
		<difficult>0</difficult>
		<bndbox>
			<xmax>313</xmax>
			<xmin>263</xmin>
			<ymax>408</ymax>
			<ymin>340</ymin>
		</bndbox>
	</object>
	<object>
		<name>8</name>
		<pose>Unspecified</pose>
		<truncated>0</truncated>
		<difficult>0</difficult>
		<bndbox>
			<xmax>380</xmax>
			<xmin>320</xmin>
			<ymax>410</ymax>
			<ymin>333</ymin>
		</bndbox>
	</object>
	<object>
		<name>8</name>
		<pose>Unspecified</pose>
		<truncated>0</truncated>
		<difficult>0</difficult>
		<bndbox>
			<xmax>436</xmax>
			<xmin>381</xmin>
			<ymax>403</ymax>
			<ymin>330</ymin>
		</bndbox>
	</object>
	<object>
		<name>5</name>
		<pose>Unspecified</pose>
		<truncated>0</truncated>
		<difficult>0</difficult>
		<bndbox>
			<xmax>490</xmax>
			<xmin>443</xmin>
			<ymax>396</ymax>
			<ymin>330</ymin>
		</bndbox>
	</object>
	<object>
		<name>9</name>
		<pose>Unspecified</pose>
		<truncated>0</truncated>
		<difficult>0</difficult>
		<bndbox>
			<xmax>543</xmax>
			<xmin>498</xmin>
			<ymax>396</ymax>
			<ymin>333</ymin>
		</bndbox>
	</object>
	<object>
		<name>2</name>
		<pose>Unspecified</pose>
		<truncated>0</truncated>
		<difficult>0</difficult>
		<bndbox>
			<xmax>595</xmax>
			<xmin>550</xmin>
			<ymax>386</ymax>
			<ymin>331</ymin>
		</bndbox>
	</object>
</annotation>