<annotation>
	<folder>VOC2010</folder>
	<filename>02800000310555_0.jpg</filename>
	<source>
		<database>DICOM VOC2010 compatible Annotation Database</database>
		<annotation>Department of Computer Science and Communication</annotation>
		<image>University of Insubria</image>
	</source>
	<size>
		<width>600</width>
		<height>800</height>
		<depth>3</depth>
	</size>
	<segmented>1</segmented>
	<object>
		<name>0</name>
		<pose>Unspecified</pose>
		<truncated>0</truncated>
		<difficult>0</difficult>
		<bndbox>
			<xmax>185</xmax>
			<xmin>141</xmin>
			<ymax>426</ymax>
			<ymin>378</ymin>
		</bndbox>
	</object>
	<object>
		<name>1</name>
		<pose>Unspecified</pose>
		<truncated>0</truncated>
		<difficult>0</difficult>
		<bndbox>
			<xmax>235</xmax>
			<xmin>193</xmin>
			<ymax>428</ymax>
			<ymin>378</ymin>
		</bndbox>
	</object>
	<object>
		<name>3</name>
		<pose>Unspecified</pose>
		<truncated>0</truncated>
		<difficult>0</difficult>
		<bndbox>
			<xmax>288</xmax>
			<xmin>243</xmin>
			<ymax>430</ymax>
			<ymin>376</ymin>
		</bndbox>
	</object>
	<object>
		<name>1</name>
		<pose>Unspecified</pose>
		<truncated>0</truncated>
		<difficult>0</difficult>
		<bndbox>
			<xmax>338</xmax>
			<xmin>298</xmin>
			<ymax>435</ymax>
			<ymin>376</ymin>
		</bndbox>
	</object>
	<object>
		<name>3</name>
		<pose>Unspecified</pose>
		<truncated>0</truncated>
		<difficult>0</difficult>
		<bndbox>
			<xmax>393</xmax>
			<xmin>346</xmin>
			<ymax>430</ymax>
			<ymin>376</ymin>
		</bndbox>
	</object>
	<object>
		<name>5</name>
		<pose>Unspecified</pose>
		<truncated>0</truncated>
		<difficult>0</difficult>
		<bndbox>
			<xmax>441</xmax>
			<xmin>406</xmin>
			<ymax>431</ymax>
			<ymin>378</ymin>
		</bndbox>
	</object>
	<object>
		<name>1</name>
		<pose>Unspecified</pose>
		<truncated>0</truncated>
		<difficult>0</difficult>
		<bndbox>
			<xmax>491</xmax>
			<xmin>453</xmin>
			<ymax>430</ymax>
			<ymin>381</ymin>
		</bndbox>
	</object>
	<object>
		<name>6</name>
		<pose>Unspecified</pose>
		<truncated>0</truncated>
		<difficult>0</difficult>
		<bndbox>
			<xmax>550</xmax>
			<xmin>496</xmin>
			<ymax>431</ymax>
			<ymin>383</ymin>
		</bndbox>
	</object>
</annotation>