<annotation>
	<folder>VOC2010</folder>
	<filename>02800000310583_0.jpg</filename>
	<source>
		<database>DICOM VOC2010 compatible Annotation Database</database>
		<annotation>Department of Computer Science and Communication</annotation>
		<image>University of Insubria</image>
	</source>
	<size>
		<width>600</width>
		<height>800</height>
		<depth>3</depth>
	</size>
	<segmented>1</segmented>
	<object>
		<name>0</name>
		<pose>Unspecified</pose>
		<truncated>0</truncated>
		<difficult>0</difficult>
		<bndbox>
			<xmax>156</xmax>
			<xmin>115</xmin>
			<ymax>365</ymax>
			<ymin>316</ymin>
		</bndbox>
	</object>
	<object>
		<name>3</name>
		<pose>Unspecified</pose>
		<truncated>0</truncated>
		<difficult>0</difficult>
		<bndbox>
			<xmax>213</xmax>
			<xmin>178</xmin>
			<ymax>363</ymax>
			<ymin>316</ymin>
		</bndbox>
	</object>
	<object>
		<name>5</name>
		<pose>Unspecified</pose>
		<truncated>0</truncated>
		<difficult>0</difficult>
		<bndbox>
			<xmax>271</xmax>
			<xmin>226</xmin>
			<ymax>361</ymax>
			<ymin>308</ymin>
		</bndbox>
	</object>
	<object>
		<name>1</name>
		<pose>Unspecified</pose>
		<truncated>0</truncated>
		<difficult>0</difficult>
		<bndbox>
			<xmax>328</xmax>
			<xmin>295</xmin>
			<ymax>363</ymax>
			<ymin>311</ymin>
		</bndbox>
	</object>
	<object>
		<name>8</name>
		<pose>Unspecified</pose>
		<truncated>0</truncated>
		<difficult>0</difficult>
		<bndbox>
			<xmax>383</xmax>
			<xmin>351</xmin>
			<ymax>361</ymax>
			<ymin>308</ymin>
		</bndbox>
	</object>
	<object>
		<name>5</name>
		<pose>Unspecified</pose>
		<truncated>0</truncated>
		<difficult>0</difficult>
		<bndbox>
			<xmax>438</xmax>
			<xmin>405</xmin>
			<ymax>360</ymax>
			<ymin>306</ymin>
		</bndbox>
	</object>
	<object>
		<name>9</name>
		<pose>Unspecified</pose>
		<truncated>0</truncated>
		<difficult>0</difficult>
		<bndbox>
			<xmax>493</xmax>
			<xmin>465</xmin>
			<ymax>360</ymax>
			<ymin>311</ymin>
		</bndbox>
	</object>
	<object>
		<name>2</name>
		<pose>Unspecified</pose>
		<truncated>0</truncated>
		<difficult>0</difficult>
		<bndbox>
			<xmax>566</xmax>
			<xmin>520</xmin>
			<ymax>363</ymax>
			<ymin>313</ymin>
		</bndbox>
	</object>
</annotation>