<annotation>
	<folder>VOC2010</folder>
	<filename>02800000311171_0.jpg</filename>
	<source>
		<database>DICOM VOC2010 compatible Annotation Database</database>
		<annotation>Department of Computer Science and Communication</annotation>
		<image>University of Insubria</image>
	</source>
	<size>
		<width>600</width>
		<height>800</height>
		<depth>3</depth>
	</size>
	<segmented>1</segmented>
	<object>
		<name>1</name>
		<pose>Unspecified</pose>
		<truncated>0</truncated>
		<difficult>0</difficult>
		<bndbox>
			<xmax>121</xmax>
			<xmin>90</xmin>
			<ymax>388</ymax>
			<ymin>338</ymin>
		</bndbox>
	</object>
	<object>
		<name>9</name>
		<pose>Unspecified</pose>
		<truncated>0</truncated>
		<difficult>0</difficult>
		<bndbox>
			<xmax>173</xmax>
			<xmin>133</xmin>
			<ymax>396</ymax>
			<ymin>336</ymin>
		</bndbox>
	</object>
	<object>
		<name>1</name>
		<pose>Unspecified</pose>
		<truncated>0</truncated>
		<difficult>0</difficult>
		<bndbox>
			<xmax>213</xmax>
			<xmin>176</xmin>
			<ymax>390</ymax>
			<ymin>336</ymin>
		</bndbox>
	</object>
	<object>
		<name>3</name>
		<pose>Unspecified</pose>
		<truncated>0</truncated>
		<difficult>0</difficult>
		<bndbox>
			<xmax>261</xmax>
			<xmin>220</xmin>
			<ymax>391</ymax>
			<ymin>335</ymin>
		</bndbox>
	</object>
	<object>
		<name>4</name>
		<pose>Unspecified</pose>
		<truncated>0</truncated>
		<difficult>0</difficult>
		<bndbox>
			<xmax>298</xmax>
			<xmin>268</xmin>
			<ymax>391</ymax>
			<ymin>341</ymin>
		</bndbox>
	</object>
	<object>
		<name>2</name>
		<pose>Unspecified</pose>
		<truncated>0</truncated>
		<difficult>0</difficult>
		<bndbox>
			<xmax>341</xmax>
			<xmin>313</xmin>
			<ymax>386</ymax>
			<ymin>346</ymin>
		</bndbox>
	</object>
	<object>
		<name>6</name>
		<pose>Unspecified</pose>
		<truncated>0</truncated>
		<difficult>0</difficult>
		<bndbox>
			<xmax>381</xmax>
			<xmin>358</xmin>
			<ymax>390</ymax>
			<ymin>348</ymin>
		</bndbox>
	</object>
	<object>
		<name>2</name>
		<pose>Unspecified</pose>
		<truncated>0</truncated>
		<difficult>0</difficult>
		<bndbox>
			<xmax>436</xmax>
			<xmin>398</xmin>
			<ymax>395</ymax>
			<ymin>345</ymin>
		</bndbox>
	</object>
</annotation>