<annotation>
	<folder>VOC2010</folder>
	<filename>02800000309895_0.jpg</filename>
	<source>
		<database>DICOM VOC2010 compatible Annotation Database</database>
		<annotation>Department of Computer Science and Communication</annotation>
		<image>University of Insubria</image>
	</source>
	<size>
		<width>600</width>
		<height>800</height>
		<depth>3</depth>
	</size>
	<segmented>1</segmented>
	<object>
		<name>0</name>
		<pose>Unspecified</pose>
		<truncated>0</truncated>
		<difficult>0</difficult>
		<bndbox>
			<xmax>165</xmax>
			<xmin>131</xmin>
			<ymax>330</ymax>
			<ymin>280</ymin>
		</bndbox>
	</object>
	<object>
		<name>0</name>
		<pose>Unspecified</pose>
		<truncated>0</truncated>
		<difficult>0</difficult>
		<bndbox>
			<xmax>220</xmax>
			<xmin>180</xmin>
			<ymax>331</ymax>
			<ymin>278</ymin>
		</bndbox>
	</object>
	<object>
		<name>5</name>
		<pose>Unspecified</pose>
		<truncated>0</truncated>
		<difficult>0</difficult>
		<bndbox>
			<xmax>266</xmax>
			<xmin>231</xmin>
			<ymax>331</ymax>
			<ymin>280</ymin>
		</bndbox>
	</object>
	<object>
		<name>8</name>
		<pose>Unspecified</pose>
		<truncated>0</truncated>
		<difficult>0</difficult>
		<bndbox>
			<xmax>315</xmax>
			<xmin>275</xmin>
			<ymax>335</ymax>
			<ymin>285</ymin>
		</bndbox>
	</object>
	<object>
		<name>8</name>
		<pose>Unspecified</pose>
		<truncated>0</truncated>
		<difficult>0</difficult>
		<bndbox>
			<xmax>365</xmax>
			<xmin>321</xmin>
			<ymax>333</ymax>
			<ymin>276</ymin>
		</bndbox>
	</object>
	<object>
		<name>3</name>
		<pose>Unspecified</pose>
		<truncated>0</truncated>
		<difficult>0</difficult>
		<bndbox>
			<xmax>410</xmax>
			<xmin>375</xmin>
			<ymax>338</ymax>
			<ymin>288</ymin>
		</bndbox>
	</object>
	<object>
		<name>4</name>
		<pose>Unspecified</pose>
		<truncated>0</truncated>
		<difficult>0</difficult>
		<bndbox>
			<xmax>455</xmax>
			<xmin>416</xmin>
			<ymax>333</ymax>
			<ymin>286</ymin>
		</bndbox>
	</object>
	<object>
		<name>9</name>
		<pose>Unspecified</pose>
		<truncated>0</truncated>
		<difficult>0</difficult>
		<bndbox>
			<xmax>501</xmax>
			<xmin>461</xmin>
			<ymax>333</ymax>
			<ymin>288</ymin>
		</bndbox>
	</object>
</annotation>