<annotation>
	<folder>VOC2010</folder>
	<filename>02800000311728_0.jpg</filename>
	<source>
		<database>DICOM VOC2010 compatible Annotation Database</database>
		<annotation>Department of Computer Science and Communication</annotation>
		<image>University of Insubria</image>
	</source>
	<size>
		<width>600</width>
		<height>800</height>
		<depth>3</depth>
	</size>
	<segmented>1</segmented>
	<object>
		<name>0</name>
		<pose>Unspecified</pose>
		<truncated>0</truncated>
		<difficult>0</difficult>
		<bndbox>
			<xmax>205</xmax>
			<xmin>168</xmin>
			<ymax>361</ymax>
			<ymin>310</ymin>
		</bndbox>
	</object>
	<object>
		<name>2</name>
		<pose>Unspecified</pose>
		<truncated>0</truncated>
		<difficult>0</difficult>
		<bndbox>
			<xmax>260</xmax>
			<xmin>216</xmin>
			<ymax>361</ymax>
			<ymin>308</ymin>
		</bndbox>
	</object>
	<object>
		<name>0</name>
		<pose>Unspecified</pose>
		<truncated>0</truncated>
		<difficult>0</difficult>
		<bndbox>
			<xmax>308</xmax>
			<xmin>268</xmin>
			<ymax>366</ymax>
			<ymin>315</ymin>
		</bndbox>
	</object>
	<object>
		<name>5</name>
		<pose>Unspecified</pose>
		<truncated>0</truncated>
		<difficult>0</difficult>
		<bndbox>
			<xmax>360</xmax>
			<xmin>318</xmin>
			<ymax>366</ymax>
			<ymin>316</ymin>
		</bndbox>
	</object>
	<object>
		<name>3</name>
		<pose>Unspecified</pose>
		<truncated>0</truncated>
		<difficult>0</difficult>
		<bndbox>
			<xmax>416</xmax>
			<xmin>370</xmin>
			<ymax>371</ymax>
			<ymin>320</ymin>
		</bndbox>
	</object>
	<object>
		<name>0</name>
		<pose>Unspecified</pose>
		<truncated>0</truncated>
		<difficult>0</difficult>
		<bndbox>
			<xmax>461</xmax>
			<xmin>425</xmin>
			<ymax>370</ymax>
			<ymin>321</ymin>
		</bndbox>
	</object>
	<object>
		<name>8</name>
		<pose>Unspecified</pose>
		<truncated>0</truncated>
		<difficult>0</difficult>
		<bndbox>
			<xmax>516</xmax>
			<xmin>466</xmin>
			<ymax>371</ymax>
			<ymin>325</ymin>
		</bndbox>
	</object>
	<object>
		<name>8</name>
		<pose>Unspecified</pose>
		<truncated>0</truncated>
		<difficult>0</difficult>
		<bndbox>
			<xmax>573</xmax>
			<xmin>521</xmin>
			<ymax>378</ymax>
			<ymin>328</ymin>
		</bndbox>
	</object>
</annotation>