<annotation>
	<folder>VOC2010</folder>
	<filename>02800000314153_0.jpg</filename>
	<source>
		<database>DICOM VOC2010 compatible Annotation Database</database>
		<annotation>Department of Computer Science and Communication</annotation>
		<image>University of Insubria</image>
	</source>
	<size>
		<width>600</width>
		<height>800</height>
		<depth>3</depth>
	</size>
	<segmented>1</segmented>
	<object>
		<name>0</name>
		<pose>Unspecified</pose>
		<truncated>0</truncated>
		<difficult>0</difficult>
		<bndbox>
			<xmax>180</xmax>
			<xmin>148</xmin>
			<ymax>421</ymax>
			<ymin>381</ymin>
		</bndbox>
	</object>
	<object>
		<name>3</name>
		<pose>Unspecified</pose>
		<truncated>0</truncated>
		<difficult>0</difficult>
		<bndbox>
			<xmax>215</xmax>
			<xmin>185</xmin>
			<ymax>423</ymax>
			<ymin>376</ymin>
		</bndbox>
	</object>
	<object>
		<name>3</name>
		<pose>Unspecified</pose>
		<truncated>0</truncated>
		<difficult>0</difficult>
		<bndbox>
			<xmax>255</xmax>
			<xmin>226</xmin>
			<ymax>426</ymax>
			<ymin>385</ymin>
		</bndbox>
	</object>
	<object>
		<name>2</name>
		<pose>Unspecified</pose>
		<truncated>0</truncated>
		<difficult>0</difficult>
		<bndbox>
			<xmax>295</xmax>
			<xmin>265</xmin>
			<ymax>430</ymax>
			<ymin>385</ymin>
		</bndbox>
	</object>
	<object>
		<name>8</name>
		<pose>Unspecified</pose>
		<truncated>0</truncated>
		<difficult>0</difficult>
		<bndbox>
			<xmax>330</xmax>
			<xmin>305</xmin>
			<ymax>426</ymax>
			<ymin>390</ymin>
		</bndbox>
	</object>
	<object>
		<name>3</name>
		<pose>Unspecified</pose>
		<truncated>0</truncated>
		<difficult>0</difficult>
		<bndbox>
			<xmax>375</xmax>
			<xmin>343</xmin>
			<ymax>426</ymax>
			<ymin>385</ymin>
		</bndbox>
	</object>
	<object>
		<name>0</name>
		<pose>Unspecified</pose>
		<truncated>0</truncated>
		<difficult>0</difficult>
		<bndbox>
			<xmax>411</xmax>
			<xmin>381</xmin>
			<ymax>430</ymax>
			<ymin>391</ymin>
		</bndbox>
	</object>
	<object>
		<name>3</name>
		<pose>Unspecified</pose>
		<truncated>0</truncated>
		<difficult>0</difficult>
		<bndbox>
			<xmax>450</xmax>
			<xmin>416</xmin>
			<ymax>436</ymax>
			<ymin>395</ymin>
		</bndbox>
	</object>
</annotation>