<annotation>
	<folder>VOC2010</folder>
	<filename>02800000308889_0.jpg</filename>
	<source>
		<database>DICOM VOC2010 compatible Annotation Database</database>
		<annotation>Department of Computer Science and Communication</annotation>
		<image>University of Insubria</image>
	</source>
	<size>
		<width>600</width>
		<height>800</height>
		<depth>3</depth>
	</size>
	<segmented>1</segmented>
	<object>
		<name>0</name>
		<pose>Unspecified</pose>
		<truncated>0</truncated>
		<difficult>0</difficult>
		<bndbox>
			<xmax>143</xmax>
			<xmin>93</xmin>
			<ymax>451</ymax>
			<ymin>410</ymin>
		</bndbox>
	</object>
	<object>
		<name>2</name>
		<pose>Unspecified</pose>
		<truncated>0</truncated>
		<difficult>0</difficult>
		<bndbox>
			<xmax>193</xmax>
			<xmin>141</xmin>
			<ymax>456</ymax>
			<ymin>411</ymin>
		</bndbox>
	</object>
	<object>
		<name>3</name>
		<pose>Unspecified</pose>
		<truncated>0</truncated>
		<difficult>0</difficult>
		<bndbox>
			<xmax>240</xmax>
			<xmin>198</xmin>
			<ymax>460</ymax>
			<ymin>411</ymin>
		</bndbox>
	</object>
	<object>
		<name>8</name>
		<pose>Unspecified</pose>
		<truncated>0</truncated>
		<difficult>0</difficult>
		<bndbox>
			<xmax>346</xmax>
			<xmin>301</xmin>
			<ymax>461</ymax>
			<ymin>418</ymin>
		</bndbox>
	</object>
	<object>
		<name>6</name>
		<pose>Unspecified</pose>
		<truncated>0</truncated>
		<difficult>0</difficult>
		<bndbox>
			<xmax>391</xmax>
			<xmin>353</xmin>
			<ymax>465</ymax>
			<ymin>416</ymin>
		</bndbox>
	</object>
	<object>
		<name>0</name>
		<pose>Unspecified</pose>
		<truncated>0</truncated>
		<difficult>0</difficult>
		<bndbox>
			<xmax>443</xmax>
			<xmin>400</xmin>
			<ymax>465</ymax>
			<ymin>425</ymin>
		</bndbox>
	</object>
	<object>
		<name>0</name>
		<pose>Unspecified</pose>
		<truncated>0</truncated>
		<difficult>0</difficult>
		<bndbox>
			<xmax>490</xmax>
			<xmin>450</xmin>
			<ymax>470</ymax>
			<ymin>426</ymin>
		</bndbox>
	</object>
</annotation>