<annotation>
	<folder>VOC2010</folder>
	<filename>02800000309045_0.jpg</filename>
	<source>
		<database>DICOM VOC2010 compatible Annotation Database</database>
		<annotation>Department of Computer Science and Communication</annotation>
		<image>University of Insubria</image>
	</source>
	<size>
		<width>600</width>
		<height>800</height>
		<depth>3</depth>
	</size>
	<segmented>1</segmented>
	<object>
		<name>0</name>
		<pose>Unspecified</pose>
		<truncated>0</truncated>
		<difficult>0</difficult>
		<bndbox>
			<xmax>105</xmax>
			<xmin>46</xmin>
			<ymax>390</ymax>
			<ymin>320</ymin>
		</bndbox>
	</object>
	<object>
		<name>0</name>
		<pose>Unspecified</pose>
		<truncated>0</truncated>
		<difficult>0</difficult>
		<bndbox>
			<xmax>181</xmax>
			<xmin>121</xmin>
			<ymax>388</ymax>
			<ymin>313</ymin>
		</bndbox>
	</object>
	<object>
		<name>0</name>
		<pose>Unspecified</pose>
		<truncated>0</truncated>
		<difficult>0</difficult>
		<bndbox>
			<xmax>260</xmax>
			<xmin>198</xmin>
			<ymax>378</ymax>
			<ymin>311</ymin>
		</bndbox>
	</object>
	<object>
		<name>6</name>
		<pose>Unspecified</pose>
		<truncated>0</truncated>
		<difficult>0</difficult>
		<bndbox>
			<xmax>340</xmax>
			<xmin>265</xmin>
			<ymax>376</ymax>
			<ymin>308</ymin>
		</bndbox>
	</object>
	<object>
		<name>2</name>
		<pose>Unspecified</pose>
		<truncated>0</truncated>
		<difficult>0</difficult>
		<bndbox>
			<xmax>398</xmax>
			<xmin>341</xmin>
			<ymax>376</ymax>
			<ymin>308</ymin>
		</bndbox>
	</object>
	<object>
		<name>0</name>
		<pose>Unspecified</pose>
		<truncated>0</truncated>
		<difficult>0</difficult>
		<bndbox>
			<xmax>465</xmax>
			<xmin>408</xmin>
			<ymax>373</ymax>
			<ymin>301</ymin>
		</bndbox>
	</object>
	<object>
		<name>0</name>
		<pose>Unspecified</pose>
		<truncated>0</truncated>
		<difficult>0</difficult>
		<bndbox>
			<xmax>536</xmax>
			<xmin>476</xmin>
			<ymax>366</ymax>
			<ymin>295</ymin>
		</bndbox>
	</object>
</annotation>