<annotation>
	<folder>VOC2010</folder>
	<filename>02800000312564_0.jpg</filename>
	<source>
		<database>DICOM VOC2010 compatible Annotation Database</database>
		<annotation>Department of Computer Science and Communication</annotation>
		<image>University of Insubria</image>
	</source>
	<size>
		<width>600</width>
		<height>800</height>
		<depth>3</depth>
	</size>
	<segmented>1</segmented>
	<object>
		<name>0</name>
		<pose>Unspecified</pose>
		<truncated>0</truncated>
		<difficult>0</difficult>
		<bndbox>
			<xmax>158</xmax>
			<xmin>120</xmin>
			<ymax>321</ymax>
			<ymin>270</ymin>
		</bndbox>
	</object>
	<object>
		<name>4</name>
		<pose>Unspecified</pose>
		<truncated>0</truncated>
		<difficult>0</difficult>
		<bndbox>
			<xmax>205</xmax>
			<xmin>166</xmin>
			<ymax>320</ymax>
			<ymin>275</ymin>
		</bndbox>
	</object>
	<object>
		<name>2</name>
		<pose>Unspecified</pose>
		<truncated>0</truncated>
		<difficult>0</difficult>
		<bndbox>
			<xmax>246</xmax>
			<xmin>213</xmin>
			<ymax>323</ymax>
			<ymin>273</ymin>
		</bndbox>
	</object>
	<object>
		<name>2</name>
		<pose>Unspecified</pose>
		<truncated>0</truncated>
		<difficult>0</difficult>
		<bndbox>
			<xmax>295</xmax>
			<xmin>261</xmin>
			<ymax>326</ymax>
			<ymin>275</ymin>
		</bndbox>
	</object>
	<object>
		<name>5</name>
		<pose>Unspecified</pose>
		<truncated>0</truncated>
		<difficult>0</difficult>
		<bndbox>
			<xmax>343</xmax>
			<xmin>306</xmin>
			<ymax>333</ymax>
			<ymin>280</ymin>
		</bndbox>
	</object>
	<object>
		<name>2</name>
		<pose>Unspecified</pose>
		<truncated>0</truncated>
		<difficult>0</difficult>
		<bndbox>
			<xmax>388</xmax>
			<xmin>355</xmin>
			<ymax>331</ymax>
			<ymin>281</ymin>
		</bndbox>
	</object>
	<object>
		<name>4</name>
		<pose>Unspecified</pose>
		<truncated>0</truncated>
		<difficult>0</difficult>
		<bndbox>
			<xmax>438</xmax>
			<xmin>401</xmin>
			<ymax>335</ymax>
			<ymin>285</ymin>
		</bndbox>
	</object>
	<object>
		<name>6</name>
		<pose>Unspecified</pose>
		<truncated>0</truncated>
		<difficult>0</difficult>
		<bndbox>
			<xmax>491</xmax>
			<xmin>453</xmin>
			<ymax>340</ymax>
			<ymin>293</ymin>
		</bndbox>
	</object>
</annotation>