<annotation>
	<folder>VOC2010</folder>
	<filename>02800000311641_0.jpg</filename>
	<source>
		<database>DICOM VOC2010 compatible Annotation Database</database>
		<annotation>Department of Computer Science and Communication</annotation>
		<image>University of Insubria</image>
	</source>
	<size>
		<width>600</width>
		<height>800</height>
		<depth>3</depth>
	</size>
	<segmented>1</segmented>
	<object>
		<name>0</name>
		<pose>Unspecified</pose>
		<truncated>0</truncated>
		<difficult>0</difficult>
		<bndbox>
			<xmax>181</xmax>
			<xmin>156</xmin>
			<ymax>336</ymax>
			<ymin>301</ymin>
		</bndbox>
	</object>
	<object>
		<name>2</name>
		<pose>Unspecified</pose>
		<truncated>0</truncated>
		<difficult>0</difficult>
		<bndbox>
			<xmax>223</xmax>
			<xmin>191</xmin>
			<ymax>335</ymax>
			<ymin>300</ymin>
		</bndbox>
	</object>
	<object>
		<name>6</name>
		<pose>Unspecified</pose>
		<truncated>0</truncated>
		<difficult>0</difficult>
		<bndbox>
			<xmax>263</xmax>
			<xmin>235</xmin>
			<ymax>340</ymax>
			<ymin>296</ymin>
		</bndbox>
	</object>
	<object>
		<name>0</name>
		<pose>Unspecified</pose>
		<truncated>0</truncated>
		<difficult>0</difficult>
		<bndbox>
			<xmax>300</xmax>
			<xmin>271</xmin>
			<ymax>336</ymax>
			<ymin>300</ymin>
		</bndbox>
	</object>
	<object>
		<name>2</name>
		<pose>Unspecified</pose>
		<truncated>0</truncated>
		<difficult>0</difficult>
		<bndbox>
			<xmax>345</xmax>
			<xmin>313</xmin>
			<ymax>338</ymax>
			<ymin>305</ymin>
		</bndbox>
	</object>
	<object>
		<name>9</name>
		<pose>Unspecified</pose>
		<truncated>0</truncated>
		<difficult>0</difficult>
		<bndbox>
			<xmax>383</xmax>
			<xmin>350</xmin>
			<ymax>340</ymax>
			<ymin>305</ymin>
		</bndbox>
	</object>
	<object>
		<name>9</name>
		<pose>Unspecified</pose>
		<truncated>0</truncated>
		<difficult>0</difficult>
		<bndbox>
			<xmax>420</xmax>
			<xmin>391</xmin>
			<ymax>340</ymax>
			<ymin>303</ymin>
		</bndbox>
	</object>
	<object>
		<name>2</name>
		<pose>Unspecified</pose>
		<truncated>0</truncated>
		<difficult>0</difficult>
		<bndbox>
			<xmax>468</xmax>
			<xmin>431</xmin>
			<ymax>340</ymax>
			<ymin>306</ymin>
		</bndbox>
	</object>
</annotation>