<annotation>
	<folder>VOC2010</folder>
	<filename>02800000312358_0.jpg</filename>
	<source>
		<database>DICOM VOC2010 compatible Annotation Database</database>
		<annotation>Department of Computer Science and Communication</annotation>
		<image>University of Insubria</image>
	</source>
	<size>
		<width>600</width>
		<height>800</height>
		<depth>3</depth>
	</size>
	<segmented>1</segmented>
	<object>
		<name>2</name>
		<pose>Unspecified</pose>
		<truncated>0</truncated>
		<difficult>0</difficult>
		<bndbox>
			<xmax>95</xmax>
			<xmin>28</xmin>
			<ymax>443</ymax>
			<ymin>378</ymin>
		</bndbox>
	</object>
	<object>
		<name>4</name>
		<pose>Unspecified</pose>
		<truncated>0</truncated>
		<difficult>0</difficult>
		<bndbox>
			<xmax>188</xmax>
			<xmin>126</xmin>
			<ymax>443</ymax>
			<ymin>378</ymin>
		</bndbox>
	</object>
	<object>
		<name>3</name>
		<pose>Unspecified</pose>
		<truncated>0</truncated>
		<difficult>0</difficult>
		<bndbox>
			<xmax>273</xmax>
			<xmin>205</xmin>
			<ymax>443</ymax>
			<ymin>375</ymin>
		</bndbox>
	</object>
	<object>
		<name>6</name>
		<pose>Unspecified</pose>
		<truncated>0</truncated>
		<difficult>0</difficult>
		<bndbox>
			<xmax>370</xmax>
			<xmin>298</xmin>
			<ymax>445</ymax>
			<ymin>371</ymin>
		</bndbox>
	</object>
	<object>
		<name>7</name>
		<pose>Unspecified</pose>
		<truncated>0</truncated>
		<difficult>0</difficult>
		<bndbox>
			<xmax>446</xmax>
			<xmin>383</xmin>
			<ymax>443</ymax>
			<ymin>368</ymin>
		</bndbox>
	</object>
	<object>
		<name>1</name>
		<pose>Unspecified</pose>
		<truncated>0</truncated>
		<difficult>0</difficult>
		<bndbox>
			<xmax>528</xmax>
			<xmin>465</xmin>
			<ymax>446</ymax>
			<ymin>370</ymin>
		</bndbox>
	</object>
	<object>
		<name>9</name>
		<pose>Unspecified</pose>
		<truncated>0</truncated>
		<difficult>0</difficult>
		<bndbox>
			<xmax>598</xmax>
			<xmin>548</xmin>
			<ymax>441</ymax>
			<ymin>370</ymin>
		</bndbox>
	</object>
</annotation>