<annotation>
	<folder>VOC2010</folder>
	<filename>02800000313446_0.jpg</filename>
	<source>
		<database>DICOM VOC2010 compatible Annotation Database</database>
		<annotation>Department of Computer Science and Communication</annotation>
		<image>University of Insubria</image>
	</source>
	<size>
		<width>600</width>
		<height>800</height>
		<depth>3</depth>
	</size>
	<segmented>1</segmented>
	<object>
		<name>0</name>
		<pose>Unspecified</pose>
		<truncated>0</truncated>
		<difficult>0</difficult>
		<bndbox>
			<xmax>146</xmax>
			<xmin>93</xmin>
			<ymax>363</ymax>
			<ymin>303</ymin>
		</bndbox>
	</object>
	<object>
		<name>2</name>
		<pose>Unspecified</pose>
		<truncated>0</truncated>
		<difficult>0</difficult>
		<bndbox>
			<xmax>210</xmax>
			<xmin>166</xmin>
			<ymax>360</ymax>
			<ymin>301</ymin>
		</bndbox>
	</object>
	<object>
		<name>6</name>
		<pose>Unspecified</pose>
		<truncated>0</truncated>
		<difficult>0</difficult>
		<bndbox>
			<xmax>280</xmax>
			<xmin>230</xmin>
			<ymax>355</ymax>
			<ymin>300</ymin>
		</bndbox>
	</object>
	<object>
		<name>7</name>
		<pose>Unspecified</pose>
		<truncated>0</truncated>
		<difficult>0</difficult>
		<bndbox>
			<xmax>343</xmax>
			<xmin>291</xmin>
			<ymax>353</ymax>
			<ymin>296</ymin>
		</bndbox>
	</object>
	<object>
		<name>7</name>
		<pose>Unspecified</pose>
		<truncated>0</truncated>
		<difficult>0</difficult>
		<bndbox>
			<xmax>411</xmax>
			<xmin>350</xmin>
			<ymax>355</ymax>
			<ymin>300</ymin>
		</bndbox>
	</object>
	<object>
		<name>0</name>
		<pose>Unspecified</pose>
		<truncated>0</truncated>
		<difficult>0</difficult>
		<bndbox>
			<xmax>470</xmax>
			<xmin>421</xmin>
			<ymax>355</ymax>
			<ymin>291</ymin>
		</bndbox>
	</object>
	<object>
		<name>3</name>
		<pose>Unspecified</pose>
		<truncated>0</truncated>
		<difficult>0</difficult>
		<bndbox>
			<xmax>525</xmax>
			<xmin>481</xmin>
			<ymax>353</ymax>
			<ymin>293</ymin>
		</bndbox>
	</object>
	<object>
		<name>8</name>
		<pose>Unspecified</pose>
		<truncated>0</truncated>
		<difficult>0</difficult>
		<bndbox>
			<xmax>586</xmax>
			<xmin>538</xmin>
			<ymax>351</ymax>
			<ymin>295</ymin>
		</bndbox>
	</object>
</annotation>