<annotation>
	<folder>VOC2010</folder>
	<filename>02800000312869_0.jpg</filename>
	<source>
		<database>DICOM VOC2010 compatible Annotation Database</database>
		<annotation>Department of Computer Science and Communication</annotation>
		<image>University of Insubria</image>
	</source>
	<size>
		<width>600</width>
		<height>800</height>
		<depth>3</depth>
	</size>
	<segmented>1</segmented>
	<object>
		<name>0</name>
		<pose>Unspecified</pose>
		<truncated>0</truncated>
		<difficult>0</difficult>
		<bndbox>
			<xmax>166</xmax>
			<xmin>130</xmin>
			<ymax>401</ymax>
			<ymin>360</ymin>
		</bndbox>
	</object>
	<object>
		<name>3</name>
		<pose>Unspecified</pose>
		<truncated>0</truncated>
		<difficult>0</difficult>
		<bndbox>
			<xmax>213</xmax>
			<xmin>178</xmin>
			<ymax>405</ymax>
			<ymin>363</ymin>
		</bndbox>
	</object>
	<object>
		<name>0</name>
		<pose>Unspecified</pose>
		<truncated>0</truncated>
		<difficult>0</difficult>
		<bndbox>
			<xmax>263</xmax>
			<xmin>223</xmin>
			<ymax>405</ymax>
			<ymin>360</ymin>
		</bndbox>
	</object>
	<object>
		<name>4</name>
		<pose>Unspecified</pose>
		<truncated>0</truncated>
		<difficult>0</difficult>
		<bndbox>
			<xmax>308</xmax>
			<xmin>275</xmin>
			<ymax>413</ymax>
			<ymin>365</ymin>
		</bndbox>
	</object>
	<object>
		<name>7</name>
		<pose>Unspecified</pose>
		<truncated>0</truncated>
		<difficult>0</difficult>
		<bndbox>
			<xmax>358</xmax>
			<xmin>313</xmin>
			<ymax>415</ymax>
			<ymin>371</ymin>
		</bndbox>
	</object>
	<object>
		<name>0</name>
		<pose>Unspecified</pose>
		<truncated>0</truncated>
		<difficult>0</difficult>
		<bndbox>
			<xmax>403</xmax>
			<xmin>365</xmin>
			<ymax>416</ymax>
			<ymin>370</ymin>
		</bndbox>
	</object>
	<object>
		<name>5</name>
		<pose>Unspecified</pose>
		<truncated>0</truncated>
		<difficult>0</difficult>
		<bndbox>
			<xmax>448</xmax>
			<xmin>415</xmin>
			<ymax>416</ymax>
			<ymin>376</ymin>
		</bndbox>
	</object>
	<object>
		<name>0</name>
		<pose>Unspecified</pose>
		<truncated>0</truncated>
		<difficult>0</difficult>
		<bndbox>
			<xmax>496</xmax>
			<xmin>460</xmin>
			<ymax>421</ymax>
			<ymin>378</ymin>
		</bndbox>
	</object>
</annotation>