<annotation>
	<folder>VOC2010</folder>
	<filename>02800000311083_0.jpg</filename>
	<source>
		<database>DICOM VOC2010 compatible Annotation Database</database>
		<annotation>Department of Computer Science and Communication</annotation>
		<image>University of Insubria</image>
	</source>
	<size>
		<width>600</width>
		<height>800</height>
		<depth>3</depth>
	</size>
	<segmented>1</segmented>
	<object>
		<name>0</name>
		<pose>Unspecified</pose>
		<truncated>0</truncated>
		<difficult>0</difficult>
		<bndbox>
			<xmax>121</xmax>
			<xmin>68</xmin>
			<ymax>458</ymax>
			<ymin>388</ymin>
		</bndbox>
	</object>
	<object>
		<name>1</name>
		<pose>Unspecified</pose>
		<truncated>0</truncated>
		<difficult>0</difficult>
		<bndbox>
			<xmax>196</xmax>
			<xmin>140</xmin>
			<ymax>455</ymax>
			<ymin>380</ymin>
		</bndbox>
	</object>
	<object>
		<name>5</name>
		<pose>Unspecified</pose>
		<truncated>0</truncated>
		<difficult>0</difficult>
		<bndbox>
			<xmax>278</xmax>
			<xmin>218</xmin>
			<ymax>448</ymax>
			<ymin>383</ymin>
		</bndbox>
	</object>
	<object>
		<name>0</name>
		<pose>Unspecified</pose>
		<truncated>0</truncated>
		<difficult>0</difficult>
		<bndbox>
			<xmax>350</xmax>
			<xmin>291</xmin>
			<ymax>445</ymax>
			<ymin>375</ymin>
		</bndbox>
	</object>
	<object>
		<name>1</name>
		<pose>Unspecified</pose>
		<truncated>0</truncated>
		<difficult>0</difficult>
		<bndbox>
			<xmax>430</xmax>
			<xmin>370</xmin>
			<ymax>441</ymax>
			<ymin>370</ymin>
		</bndbox>
	</object>
	<object>
		<name>3</name>
		<pose>Unspecified</pose>
		<truncated>0</truncated>
		<difficult>0</difficult>
		<bndbox>
			<xmax>501</xmax>
			<xmin>448</xmin>
			<ymax>441</ymax>
			<ymin>380</ymin>
		</bndbox>
	</object>
	<object>
		<name>3</name>
		<pose>Unspecified</pose>
		<truncated>0</truncated>
		<difficult>0</difficult>
		<bndbox>
			<xmax>583</xmax>
			<xmin>521</xmin>
			<ymax>436</ymax>
			<ymin>376</ymin>
		</bndbox>
	</object>
</annotation>