<annotation>
	<folder>VOC2010</folder>
	<filename>02800000309045_0.jpg</filename>
	<source>
		<database>DICOM VOC2010 compatible Annotation Database</database>
		<annotation>Department of Computer Science and Communication</annotation>
		<image>University of Insubria</image>
	</source>
	<size>
		<width>600</width>
		<height>800</height>
		<depth>3</depth>
	</size>
	<segmented>1</segmented>
	<object>
		<name>ArteMeter</name>
		<pose>Unspecified</pose>
		<truncated>0</truncated>
		<difficult>0</difficult>
		<bndbox>
			<xmax>544</xmax>
			<xmin>1</xmin>
			<ymax>389</ymax>
			<ymin>299</ymin>
		</bndbox>
	</object>
</annotation>